{"Nh3": {"_": {"eco": "A00", "name": "Amar"}, "d5": {"g3": {"e5": {"f4": {"Bxh3": {"Bxh3": {"exf4": {"_": {"eco": "A00", "name": "Amar"}}}}}}}}}, "a3": {"_": {"eco": "A00", "name": "Anderssen"}}, "f3": {"_": {"eco": "A00", "name": "Barnes"}, "e5": {"Kf2": {"_": {"eco": "A00", "name": "Barnes"}}}}, "g3": {"_": {"eco": "A00", "name": "Benko's opening"}, "h5": {"_": {"eco": "A00", "name": "Benko's opening"}}, "e5": {"Nf3": {"_": {"eco": "A00", "name": "Benko's opening"}}}}, "h3": {"_": {"eco": "A00", "name": "Clemenz"}, "e5": {"a3": {"_": {"eco": "A00", "name": "Clemenz"}}}}, "h4": {"_": {"eco": "A00", "name": "Desprez"}}, "Nc3": {"_": {"eco": "A00", "name": "Dunst"}, "e5": {"_": {"eco": "A00", "name": "Dunst"}, "a3": {"_": {"eco": "A00", "name": "Dunst"}}}, "c5": {"d4": {"cxd4": {"Qxd4": {"Nc6": {"Qh4": {"_": {"eco": "A00", "name": "Dunst"}}}}}}}}, "Na3": {"_": {"eco": "A00", "name": "Durkin"}}, "g4": {"_": {"eco": "A00", "name": "Grob"}, "d5": {"Bg2": {"c6": {"g5": {"_": {"eco": "A00", "name": "Grob"}}}, "Bxg4": {"c4": {"_": {"eco": "A00", "name": "Grob"}, "d4": {"_": {"eco": "A00", "name": "Grob"}}}}}}}, "d3": {"_": {"eco": "A00", "name": "Mieses"}, "e5": {"_": {"eco": "A00", "name": "Mieses"}, "Nd2": {"_": {"eco": "A00", "name": "Mieses"}}}, "c5": {"Nc3": {"Nc6": {"g3": {"_": {"eco": "A00", "name": "Mieses"}}}}}}, "b4": {"_": {"eco": "A00", "name": "Polish"}, "Nh6": {"_": {"eco": "A00", "name": "Polish"}}, "c6": {"_": {"eco": "A00", "name": "Polish"}}}, "c3": {"_": {"eco": "A00", "name": "Saragossa"}}, "e3": {"_": {"eco": "A00", "name": "Van't Kruijs"}, "e5": {"c4": {"d6": {"Nc3": {"Nc6": {"b3": {"Nf6": {"_": {"eco": "A00", "name": "Van't Kruijs"}}}}}}}}}, "a4": {"_": {"eco": "A00", "name": "Ware"}, "e5": {"h4": {"_": {"eco": "A00", "name": "Ware"}}}}, "b3": {"_": {"eco": "A01", "name": "Larsen"}, "e5": {"_": {"eco": "A01", "name": "Larsen"}}, "Nf6": {"_": {"eco": "A01", "name": "Larsen"}}, "d5": {"_": {"eco": "A01", "name": "Larsen"}}, "c5": {"_": {"eco": "A01", "name": "Larsen"}}, "f5": {"_": {"eco": "A01", "name": "Larsen"}}, "b5": {"_": {"eco": "A01", "name": "Larsen"}}, "b6": {"_": {"eco": "A01", "name": "Larsen"}}}, "f4": {"_": {"eco": "A02", "name": "Bird"}, "e5": {"_": {"eco": "A02", "name": "Bird"}, "fxe5": {"d6": {"exd6": {"Bxd6": {"Nf3": {"g5": {"_": {"eco": "A02", "name": "Bird"}}, "Nh6": {"d4": {"_": {"eco": "A02", "name": "Bird"}}}}}}}}}, "f5": {"e4": {"fxe4": {"Nc3": {"Nf6": {"g4": {"_": {"eco": "A02", "name": "Bird"}}}}}}}, "g5": {"_": {"eco": "A02", "name": "Bird"}}, "d5": {"_": {"eco": "A03", "name": "Bird"}, "c4": {"_": {"eco": "A03", "name": "Bird"}}, "e4": {"_": {"eco": "A03", "name": "Bird"}}, "Nf3": {"Nf6": {"e3": {"c5": {"_": {"eco": "A03", "name": "Bird"}}}}}}}, "Nf3": {"_": {"eco": "A04", "name": "Zukertort"}, "f5": {"_": {"eco": "A04", "name": "Zukertort"}, "e4": {"_": {"eco": "A04", "name": "Zukertort"}}, "d3": {"Nf6": {"e4": {"_": {"eco": "A04", "name": "Zukertort"}}}}}, "d6": {"_": {"eco": "A04", "name": "Zukertort"}, "e4": {"Bg4": {"_": {"eco": "A04", "name": "Zukertort"}}}}, "g5": {"_": {"eco": "A04", "name": "Zukertort"}}, "Nf6": {"_": {"eco": "A05", "name": "Zukertort"}, "g3": {"b5": {"_": {"eco": "A05", "name": "Zukertort"}}, "g6": {"_": {"eco": "A05", "name": "Zukertort"}, "b4": {"_": {"eco": "A05", "name": "Zukertort"}}}}}, "d5": {"_": {"eco": "A06", "name": "Zukertort"}, "d3": {"_": {"eco": "A06", "name": "Zukertort"}}, "b4": {"_": {"eco": "A06", "name": "Zukertort"}}, "e4": {"_": {"eco": "A06", "name": "Zukertort"}}, "b3": {"_": {"eco": "A06", "name": "Zukertort"}}, "g3": {"_": {"eco": "A07", "name": "Zukertort"}, "Nf6": {"Bg2": {"c6": {"O-O": {"Bg4": {"_": {"eco": "A07", "name": "Zukertort"}}}}}}, "Bg4": {"Bg2": {"Nd7": {"_": {"eco": "A07", "name": "Zukertort"}}}}, "g6": {"_": {"eco": "A07", "name": "Zukertort"}, "Bg2": {"Bg7": {"O-O": {"e5": {"d3": {"Ne7": {"_": {"eco": "A07", "name": "Zukertort"}}}}}}}}, "c5": {"_": {"eco": "A07", "name": "Zukertort"}, "Bg2": {"_": {"eco": "A08", "name": "Zukertort"}, "Nc6": {"O-O": {"e6": {"d3": {"Nf6": {"Nbd2": {"Be7": {"e4": {"O-O": {"Re1": {"_": {"eco": "A08", "name": "Zukertort"}}}}}}}}}}}}}}, "c4": {"_": {"eco": "A09", "name": "Reti"}, "d4": {"_": {"eco": "A09", "name": "Reti"}}, "dxc4": {"_": {"eco": "A09", "name": "Reti"}, "e3": {"Be6": {"_": {"eco": "A09", "name": "Reti"}}}}}}}, "c4": {"_": {"eco": "A10", "name": "English"}, "g6": {"_": {"eco": "A10", "name": "English"}, "e4": {"e5": {"_": {"eco": "A10", "name": "English"}}}}, "b5": {"_": {"eco": "A10", "name": "English"}}, "f5": {"_": {"eco": "A10", "name": "English"}}, "c6": {"_": {"eco": "A11", "name": "English"}, "Nf3": {"d5": {"b3": {"_": {"eco": "A12", "name": "English"}, "Nf6": {"g3": {"Bg4": {"_": {"eco": "A12", "name": "English"}}, "Bf5": {"_": {"eco": "A12", "name": "English"}}}, "Bb2": {"_": {"eco": "A12", "name": "English"}, "g6": {"_": {"eco": "A12", "name": "English"}}, "Bf5": {"_": {"eco": "A12", "name": "English"}}, "Bg4": {"_": {"eco": "A12", "name": "English"}}}}, "Bg4": {"_": {"eco": "A12", "name": "English"}}}}}}, "e6": {"_": {"eco": "A13", "name": "English"}, "Nf3": {"Nf6": {"g3": {"a6": {"Bg2": {"b5": {"_": {"eco": "A13", "name": "English"}}}}}}, "d5": {"_": {"eco": "A13", "name": "English"}, "b3": {"Nf6": {"Bb2": {"c5": {"e3": {"_": {"eco": "A13", "name": "English"}}}}}}, "g3": {"_": {"eco": "A13", "name": "English"}, "c6": {"_": {"eco": "A13", "name": "English"}}, "Nf6": {"_": {"eco": "A13", "name": "English"}, "Bg2": {"dxc4": {"_": {"eco": "A13", "name": "English"}}, "Be7": {"O-O": {"_": {"eco": "A14", "name": "English"}, "c5": {"cxd5": {"Nxd5": {"Nc3": {"Nc6": {"_": {"eco": "A14", "name": "English"}}}}}}}}}}}}}}, "Nf6": {"_": {"eco": "A15", "name": "English"}, "b4": {"_": {"eco": "A15", "name": "English"}}, "Nf3": {"_": {"eco": "A15", "name": "English"}}, "Nc3": {"_": {"eco": "A16", "name": "English"}, "d5": {"_": {"eco": "A16", "name": "English"}, "cxd5": {"Nxd5": {"g3": {"g6": {"Bg2": {"Nxc3": {"_": {"eco": "A16", "name": "English"}}, "Nb6": {"_": {"eco": "A16", "name": "English"}}}}}, "Nf3": {"_": {"eco": "A16", "name": "English"}, "g6": {"g3": {"Bg7": {"Bg2": {"e5": {"_": {"eco": "A16", "name": "English"}}}}}}}}}}, "e6": {"_": {"eco": "A17", "name": "English"}, "Nf3": {"b6": {"_": {"eco": "A17", "name": "English"}, "e4": {"Bb7": {"Bd3": {"_": {"eco": "A17", "name": "English"}}}}}, "Bb4": {"_": {"eco": "A17", "name": "English"}}}, "e4": {"_": {"eco": "A18", "name": "English"}, "d5": {"e5": {"_": {"eco": "A18", "name": "English"}}}, "Nc6": {"_": {"eco": "A18", "name": "English"}}, "c5": {"_": {"eco": "A19", "name": "English"}}}}}}, "e5": {"_": {"eco": "A20", "name": "English"}, "Nf3": {"_": {"eco": "A20", "name": "English"}, "e4": {"_": {"eco": "A20", "name": "English"}}}, "Nc3": {"_": {"eco": "A21", "name": "English"}, "d6": {"g3": {"Be6": {"Bg2": {"Nc6": {"_": {"eco": "A21", "name": "English"}}}}, "c6": {"_": {"eco": "A21", "name": "English"}}}, "Nf3": {"_": {"eco": "A21", "name": "English"}, "Bg4": {"_": {"eco": "A21", "name": "English"}}}}, "Bb4": {"_": {"eco": "A21", "name": "English"}}, "Nf6": {"_": {"eco": "A22", "name": "English"}, "Nf3": {"e4": {"Ng5": {"b5": {"_": {"eco": "A22", "name": "English"}}}}}, "g3": {"_": {"eco": "A22", "name": "English"}, "d5": {"_": {"eco": "A22", "name": "English"}}, "Bb4": {"_": {"eco": "A22", "name": "English"}}, "c6": {"_": {"eco": "A23", "name": "English"}}, "g6": {"_": {"eco": "A24", "name": "English"}}}}, "Nc6": {"_": {"eco": "A25", "name": "English"}, "g3": {"g6": {"Bg2": {"Bg7": {"_": {"eco": "A25", "name": "English"}, "e3": {"d6": {"Nge2": {"Nh6": {"_": {"eco": "A25", "name": "English"}}}}}, "Rb1": {"_": {"eco": "A25", "name": "English"}, "Nh6": {"_": {"eco": "A25", "name": "English"}}}, "d3": {"_": {"eco": "A25", "name": "English"}, "d6": {"_": {"eco": "A26", "name": "English"}}}}}}}, "Nf3": {"_": {"eco": "A27", "name": "English"}, "Nf6": {"_": {"eco": "A28", "name": "English"}, "d4": {"exd4": {"Nxd4": {"Bb4": {"Bg5": {"h6": {"Bh4": {"Bxc3": {"bxc3": {"Ne5": {"_": {"eco": "A28", "name": "English"}}}}}}}}}}, "e4": {"_": {"eco": "A28", "name": "English"}}}, "e4": {"_": {"eco": "A28", "name": "English"}}, "a3": {"_": {"eco": "A28", "name": "English"}}, "d3": {"_": {"eco": "A28", "name": "English"}}, "e3": {"_": {"eco": "A28", "name": "English"}, "Bb4": {"Qc2": {"O-O": {"Nd5": {"Re8": {"Qf5": {"_": {"eco": "A28", "name": "English"}}}}}, "Bxc3": {"_": {"eco": "A28", "name": "English"}}}}}, "g3": {"_": {"eco": "A29", "name": "English"}}}}}}}, "c5": {"_": {"eco": "A30", "name": "English"}, "Nf3": {"Nf6": {"g3": {"b6": {"Bg2": {"Bb7": {"O-O": {"e6": {"Nc3": {"Be7": {"_": {"eco": "A30", "name": "English"}}}}}}}}}, "d4": {"_": {"eco": "A31", "name": "English"}, "cxd4": {"Nxd4": {"e6": {"_": {"eco": "A32", "name": "English"}, "Nc3": {"Nc6": {"_": {"eco": "A33", "name": "English"}}}}}}}}}, "Nc3": {"_": {"eco": "A34", "name": "English"}, "Nf6": {"Nf3": {"d5": {"cxd5": {"Nxd5": {"_": {"eco": "A34", "name": "English"}}}}}, "g3": {"_": {"eco": "A34", "name": "English"}, "d5": {"cxd5": {"Nxd5": {"Bg2": {"Nc7": {"_": {"eco": "A34", "name": "English"}}}}}}}}, "Nc6": {"_": {"eco": "A35", "name": "English"}, "Nf3": {"Nf6": {"_": {"eco": "A35", "name": "English"}}}, "g3": {"_": {"eco": "A36", "name": "English"}, "g6": {"Bg2": {"Bg7": {"_": {"eco": "A36", "name": "English"}, "e3": {"e5": {"_": {"eco": "A36", "name": "English"}}}, "e4": {"_": {"eco": "A36", "name": "English"}}, "Nf3": {"_": {"eco": "A37", "name": "English"}, "e5": {"_": {"eco": "A37", "name": "English"}}, "Nf6": {"_": {"eco": "A38", "name": "English"}, "O-O": {"O-O": {"d4": {"_": {"eco": "A39", "name": "English"}}}}}}}}}}}}}}, "d4": {"_": {"eco": "A40", "name": "Queen's pawn game"}, "Nc6": {"_": {"eco": "A40", "name": "Queen's pawn game"}}, "e5": {"_": {"eco": "A40", "name": "Queen's pawn game"}, "dxe5": {"Nc6": {"Nf3": {"Qe7": {"Qd5": {"f6": {"exf6": {"Nxf6": {"_": {"eco": "A40", "name": "Queen's pawn game"}}}}}}}}}}, "b6": {"_": {"eco": "A40", "name": "Queen's pawn game"}}, "b5": {"_": {"eco": "A40", "name": "Queen's pawn game"}}, "e6": {"_": {"eco": "A40", "name": "Queen's pawn game"}, "c4": {"b6": {"_": {"eco": "A40", "name": "Queen's pawn game"}}, "Bb4": {"_": {"eco": "A40", "name": "Queen's pawn game"}}}}, "g6": {"_": {"eco": "A40", "name": "Queen's pawn game"}, "c4": {"Bg7": {"Nc3": {"c5": {"d5": {"Bxc3": {"bxc3": {"f5": {"_": {"eco": "A40", "name": "Queen's pawn game"}}}}}}}}}}, "d6": {"_": {"eco": "A41", "name": "Queen's Pawn"}, "Nf3": {"Bg4": {"_": {"eco": "A41", "name": "Queen's pawn game"}}}, "c4": {"_": {"eco": "A41", "name": "Queen's pawn game"}, "g6": {"Nc3": {"Bg7": {"_": {"eco": "A41", "name": "Queen's pawn game"}, "e4": {"_": {"eco": "A42", "name": "Averbakh"}, "c5": {"Nf3": {"Qa5": {"_": {"eco": "A42", "name": "Averbakh"}}}}, "f5": {"_": {"eco": "A42", "name": "Averbakh"}}, "Nc6": {"_": {"eco": "A42", "name": "Averbakh"}}}}}}}}, "c5": {"_": {"eco": "A43", "name": "Old Benoni"}, "d5": {"e6": {"e4": {"_": {"eco": "A43", "name": "Old Benoni"}}}, "f5": {"_": {"eco": "A43", "name": "Old Benoni"}}, "Nf6": {"_": {"eco": "A43", "name": "Old Benoni"}, "Nc3": {"Qa5": {"_": {"eco": "A43", "name": "Old Benoni"}}}, "Nf3": {"_": {"eco": "A43", "name": "Old Benoni"}, "c4": {"_": {"eco": "A43", "name": "Old Benoni"}}}}, "d6": {"_": {"eco": "A43", "name": "Old Benoni"}, "Nc3": {"g6": {"_": {"eco": "A43", "name": "Old Benoni"}}}}, "e5": {"_": {"eco": "A44", "name": "Old Benoni"}, "e4": {"d6": {"_": {"eco": "A44", "name": "Old Benoni"}}}}}}, "Nf6": {"f4": {"_": {"eco": "A45", "name": "Canard opening"}}, "f3": {"d5": {"g4": {"_": {"eco": "A45", "name": "Gedult attack"}}}, "_": {"eco": "A45", "name": "Paleface attack"}}, "Bg5": {"_": {"eco": "A45", "name": "Levenfish/Trompowsky/Ruth"}, "Ne4": {"_": {"eco": "A45", "name": "Levenfish/Trompowsky/Ruth"}}, "b6": {"_": {"eco": "A45", "name": "Levenfish/Trompowsky/Ruth"}}}, "_": {"eco": "A45", "name": "Queen's pawn game"}, "g4": {"_": {"eco": "A45", "name": "Queen's pawn game"}}, "Nf3": {"_": {"eco": "A46", "name": "Queen's pawn game"}, "e6": {"Bg5": {"_": {"eco": "A46", "name": "Queen's pawn game"}, "c5": {"e4": {"_": {"eco": "A46", "name": "Queen's pawn game"}}}}, "e3": {"_": {"eco": "A46", "name": "Queen's pawn game"}}}, "Ne4": {"_": {"eco": "A46", "name": "Queen's pawn game"}}, "b6": {"_": {"eco": "A47", "name": "Queen's Indian"}, "g3": {"Bb7": {"Bg2": {"c5": {"_": {"eco": "A47", "name": "Queen's Indian"}, "c4": {"cxd4": {"Qxd4": {"_": {"eco": "A47", "name": "Queen's Indian"}}}}}}}}}, "g6": {"_": {"eco": "A48", "name": "King's Indian"}, "Bg5": {"_": {"eco": "A48", "name": "King's Indian"}}, "Bf4": {"_": {"eco": "A48", "name": "King's Indian"}}, "g3": {"_": {"eco": "A49", "name": "King's Indian"}}}}, "c4": {"_": {"eco": "A50", "name": "Queen's pawn game"}, "Nc6": {"_": {"eco": "A50", "name": "Queen's pawn game"}}, "b6": {"_": {"eco": "A50", "name": "Queen's pawn game"}}, "e5": {"_": {"eco": "A51", "name": "Budapest gambit"}, "dxe5": {"Ne4": {"_": {"eco": "A51", "name": "Budapest gambit"}, "Qc2": {"_": {"eco": "A51", "name": "Budapest gambit"}}}, "Ng4": {"_": {"eco": "A52", "name": "Budapest gambit"}, "Nf3": {"_": {"eco": "A52", "name": "Budapest gambit"}}, "Bf4": {"_": {"eco": "A52", "name": "Budapest gambit"}}, "e4": {"_": {"eco": "A52", "name": "Budapest gambit"}, "Nxe5": {"f4": {"Nec6": {"_": {"eco": "A52", "name": "Budapest gambit"}}}}, "d6": {"_": {"eco": "A52", "name": "Budapest gambit"}}}}}}, "d6": {"_": {"eco": "A53", "name": "Old Indian"}, "Nc3": {"Bf5": {"_": {"eco": "A53", "name": "Old Indian"}}, "e5": {"_": {"eco": "A54", "name": "Old Indian"}, "e3": {"Nbd7": {"Bd3": {"_": {"eco": "A54", "name": "Old Indian"}}}}, "Nf3": {"_": {"eco": "A54", "name": "Old Indian"}, "Nbd7": {"e4": {"_": {"eco": "A55", "name": "Old Indian"}}}}}}}, "c5": {"_": {"eco": "A56", "name": "Benoni"}, "d5": {"d6": {"_": {"eco": "A56", "name": "Benoni"}}, "g6": {"_": {"eco": "A56", "name": "Benoni"}}, "Ne4": {"_": {"eco": "A56", "name": "Benoni"}}, "e5": {"_": {"eco": "A56", "name": "Czech Benoni"}, "Nc3": {"d6": {"e4": {"g6": {"_": {"eco": "A56", "name": "Czech Benoni"}}}}}}, "b5": {"_": {"eco": "A57", "name": "Benko gambit"}, "cxb5": {"a6": {"_": {"eco": "A57", "name": "Benko gambit"}, "Nc3": {"_": {"eco": "A57", "name": "Benko gambit"}, "axb5": {"e4": {"b4": {"Nb5": {"d6": {"Bc4": {"_": {"eco": "A57", "name": "Benko gambit"}}}}}}}}, "bxa6": {"_": {"eco": "A58", "name": "Benko gambit"}, "Bxa6": {"Nc3": {"d6": {"Nf3": {"g6": {"Nd2": {"_": {"eco": "A58", "name": "Benko gambit"}}}}, "e4": {"_": {"eco": "A59", "name": "Benko gambit"}}}}}}}}}, "e6": {"_": {"eco": "A60", "name": "Benoni"}, "Nc3": {"exd5": {"cxd5": {"d6": {"Nf3": {"g6": {"_": {"eco": "A61", "name": "Benoni"}, "g3": {"Bg7": {"Bg2": {"O-O": {"_": {"eco": "A62", "name": "Benoni"}, "O-O": {"Nbd7": {"_": {"eco": "A63", "name": "Benoni"}, "Nd2": {"a6": {"a4": {"Re8": {"_": {"eco": "A64", "name": "Benoni"}}}}}}}}}}}}}, "e4": {"_": {"eco": "A65", "name": "Benoni"}, "g6": {"f4": {"_": {"eco": "A66", "name": "Benoni"}, "Bg7": {"Bb5": {"_": {"eco": "A67", "name": "Benoni"}}, "Nf3": {"O-O": {"_": {"eco": "A68", "name": "Benoni"}, "Be2": {"Re8": {"_": {"eco": "A69", "name": "Benoni"}}}}}}}, "Nf3": {"_": {"eco": "A70", "name": "Benoni"}, "Bg7": {"Bg5": {"_": {"eco": "A71", "name": "Benoni"}}, "Be2": {"O-O": {"_": {"eco": "A72", "name": "Benoni"}, "O-O": {"_": {"eco": "A73", "name": "Benoni"}, "a6": {"a4": {"_": {"eco": "A74", "name": "Benoni"}, "Bg4": {"_": {"eco": "A75", "name": "Benoni"}}}}, "Re8": {"_": {"eco": "A76", "name": "Benoni"}, "Nd2": {"_": {"eco": "A77", "name": "Benoni"}, "Na6": {"_": {"eco": "A78", "name": "Benoni"}, "f3": {"_": {"eco": "A79", "name": "Benoni"}}}}}}}}}}}}}}}}}}}, "g6": {"f3": {"d5": {"_": {"eco": "D70", "name": "Neo-Gruenfeld"}}}, "g3": {"d5": {"_": {"eco": "D70", "name": "Neo-Gruenfeld"}, "Bg2": {"Bg7": {"cxd5": {"Nxd5": {"_": {"eco": "D71", "name": "Neo-Gruenfeld"}, "e4": {"Nb6": {"Ne2": {"_": {"eco": "D72", "name": "Neo-Gruenfeld"}}}}}}, "Nf3": {"_": {"eco": "D73", "name": "Neo-Gruenfeld"}, "O-O": {"cxd5": {"Nxd5": {"O-O": {"_": {"eco": "D74", "name": "Neo-Gruenfeld"}, "c5": {"Nc3": {"_": {"eco": "D75", "name": "Neo-Gruenfeld"}}}, "Nb6": {"_": {"eco": "D76", "name": "Neo-Gruenfeld"}}}}}, "O-O": {"_": {"eco": "D77", "name": "Neo-Gruenfeld"}, "c6": {"_": {"eco": "D78", "name": "Neo-Gruenfeld"}, "cxd5": {"cxd5": {"_": {"eco": "D79", "name": "Neo-Gruenfeld"}}}}}}}}}}, "_": {"eco": "E60", "name": "King's Indian Defence"}, "Bg7": {"Bg2": {"d5": {"_": {"eco": "E60", "name": "King's Indian Defence"}}}}}, "Nc3": {"d5": {"_": {"eco": "D80", "name": "Gruenfeld"}, "g4": {"_": {"eco": "D80", "name": "Gruenfeld"}}, "Bg5": {"_": {"eco": "D80", "name": "Gruenfeld"}, "Ne4": {"Nxe4": {"dxe4": {"Qd2": {"c5": {"_": {"eco": "D80", "name": "Gruenfeld"}}}}}}}, "Qb3": {"_": {"eco": "D81", "name": "Gruenfeld"}}, "Bf4": {"_": {"eco": "D82", "name": "Gruenfeld"}, "Bg7": {"e3": {"O-O": {"_": {"eco": "D83", "name": "Gruenfeld"}, "cxd5": {"Nxd5": {"Nxd5": {"Qxd5": {"Bxc7": {"_": {"eco": "D84", "name": "Gruenfeld"}}}}}}}}}}, "cxd5": {"Nxd5": {"_": {"eco": "D85", "name": "Gruenfeld"}, "e4": {"Nxc3": {"bxc3": {"Bg7": {"Nf3": {"_": {"eco": "D85", "name": "Gruenfeld"}}, "Bc4": {"_": {"eco": "D86", "name": "Gruenfeld"}, "O-O": {"Ne2": {"c5": {"_": {"eco": "D87", "name": "Gruenfeld"}, "O-O": {"Nc6": {"Be3": {"cxd4": {"cxd4": {"_": {"eco": "D88", "name": "Gruenfeld"}, "Bg4": {"f3": {"Na5": {"Bd3": {"Be6": {"_": {"eco": "D89", "name": "Gruenfeld"}}}}}}}}}}}}}}}}}}}}}, "Nf3": {"_": {"eco": "D90", "name": "Gruenfeld"}, "c6": {"_": {"eco": "D90", "name": "Gruenfeld"}}, "Bg7": {"_": {"eco": "D90", "name": "Gruenfeld"}, "Qa4": {"_": {"eco": "D90", "name": "Gruenfeld"}}, "Bg5": {"_": {"eco": "D91", "name": "Gruenfeld"}}, "Bf4": {"_": {"eco": "D92", "name": "Gruenfeld"}, "O-O": {"_": {"eco": "D92", "name": "Gruenfeld"}, "e3": {"_": {"eco": "D93", "name": "Gruenfeld"}}}}, "e3": {"_": {"eco": "D94", "name": "Gruenfeld"}, "O-O": {"b4": {"_": {"eco": "D94", "name": "Gruenfeld"}}, "Qb3": {"_": {"eco": "D95", "name": "Gruenfeld"}}}}, "Qb3": {"_": {"eco": "D96", "name": "Gruenfeld"}, "dxc4": {"Qxc4": {"O-O": {"e4": {"_": {"eco": "D97", "name": "Gruenfeld"}, "Bg4": {"_": {"eco": "D98", "name": "Gruenfeld"}, "Be3": {"Nfd7": {"Qb3": {"_": {"eco": "D99", "name": "Gruenfeld"}}}}}}}}}}}}}, "_": {"eco": "E61", "name": "King's Indian Defence"}, "Bg7": {"Nf3": {"d6": {"Bg5": {"_": {"eco": "E61", "name": "King's Indian Defence"}}, "g3": {"_": {"eco": "E62", "name": "King's Indian Defence"}, "O-O": {"Bg2": {"c6": {"O-O": {"Bf5": {"_": {"eco": "E62", "name": "King's Indian Defence"}}}}, "Nc6": {"O-O": {"a6": {"_": {"eco": "E63", "name": "King's Indian Defence"}}}}, "c5": {"_": {"eco": "E64", "name": "King's Indian Defence"}, "O-O": {"_": {"eco": "E65", "name": "King's Indian Defence"}, "Nc6": {"d5": {"_": {"eco": "E66", "name": "King's Indian Defence"}}}}}, "Nbd7": {"_": {"eco": "E67", "name": "King's Indian Defence"}, "O-O": {"e5": {"e4": {"_": {"eco": "E68", "name": "King's Indian Defence"}, "c6": {"h3": {"_": {"eco": "E69", "name": "King's Indian Defence"}}}}}}}}}}}}, "e4": {"_": {"eco": "E70", "name": "King's Indian Defence"}, "d6": {"Nge2": {"_": {"eco": "E70", "name": "King's Indian Defence"}}, "Bg5": {"_": {"eco": "E70", "name": "King's Indian Defence"}}, "h3": {"_": {"eco": "E71", "name": "King's Indian Defence"}}, "g3": {"_": {"eco": "E72", "name": "King's Indian Defence"}, "O-O": {"Bg2": {"e5": {"Nge2": {"_": {"eco": "E72", "name": "King's Indian Defence"}}}}}}, "Be2": {"_": {"eco": "E73", "name": "King's Indian Defence"}, "O-O": {"Be3": {"_": {"eco": "E73", "name": "King's Indian Defence"}}, "Bg5": {"c5": {"_": {"eco": "E74", "name": "King's Indian Defence"}, "d5": {"e6": {"_": {"eco": "E75", "name": "King's Indian Defence"}}}}}}}, "f4": {"_": {"eco": "E76", "name": "King's Indian Defence"}, "O-O": {"Nf3": {"c5": {"d5": {"_": {"eco": "E76", "name": "King's Indian Defence"}}}}, "Be2": {"_": {"eco": "E77", "name": "King's Indian Defence"}, "c5": {"Nf3": {"_": {"eco": "E78", "name": "King's Indian Defence"}, "cxd4": {"Nxd4": {"Nc6": {"Be3": {"_": {"eco": "E79", "name": "King's Indian Defence"}}}}}}}}}}, "f3": {"_": {"eco": "E80", "name": "King's Indian Defence"}, "O-O": {"_": {"eco": "E81", "name": "King's Indian Defence"}, "Be3": {"b6": {"_": {"eco": "E82", "name": "King's Indian Defence"}}, "Nc6": {"_": {"eco": "E83", "name": "King's Indian Defence"}, "Nge2": {"a6": {"Qd2": {"Rb8": {"_": {"eco": "E84", "name": "King's Indian Defence"}}}}}}, "e5": {"_": {"eco": "E85", "name": "King's Indian Defence"}, "Nge2": {"c6": {"_": {"eco": "E86", "name": "King's Indian Defence"}}}, "d5": {"_": {"eco": "E87", "name": "King's Indian Defence"}, "c6": {"_": {"eco": "E88", "name": "King's Indian Defence"}, "Nge2": {"cxd5": {"_": {"eco": "E89", "name": "King's Indian Defence"}}}}}}}}}, "Nf3": {"_": {"eco": "E90", "name": "King's Indian Defence"}, "O-O": {"Be3": {"_": {"eco": "E90", "name": "King's Indian Defence"}}, "Be2": {"_": {"eco": "E91", "name": "King's Indian Defence"}, "e5": {"_": {"eco": "E92", "name": "King's Indian Defence"}, "d5": {"Nbd7": {"_": {"eco": "E93", "name": "King's Indian Defence"}}}, "O-O": {"_": {"eco": "E94", "name": "King's Indian Defence"}, "Nbd7": {"Re1": {"_": {"eco": "E95", "name": "King's Indian Defence"}, "c6": {"Bf1": {"a5": {"_": {"eco": "E96", "name": "King's Indian Defence"}}}}}}, "Nc6": {"_": {"eco": "E97", "name": "King's Indian Defence"}, "d5": {"Ne7": {"Ne1": {"_": {"eco": "E98", "name": "King's Indian Defence"}, "Nd7": {"f3": {"f5": {"_": {"eco": "E99", "name": "King's Indian Defence"}}}}}}}}}}}}}}}}}, "_": {"eco": "E60", "name": "King's Indian Defence"}, "Nf3": {"_": {"eco": "E60", "name": "King's Indian Defence"}}, "d5": {"_": {"eco": "E60", "name": "King's Indian Defence"}, "b5": {"_": {"eco": "E60", "name": "King's Indian Defence"}}}, "Qc2": {"_": {"eco": "E60", "name": "Queen's pawn game"}}}, "e6": {"g3": {"_": {"eco": "E00", "name": "Catalan opening"}, "d5": {"Bg2": {"_": {"eco": "E01", "name": "Catalan"}, "dxc4": {"Qa4": {"_": {"eco": "E02", "name": "Catalan"}, "Nbd7": {"Qxc4": {"a6": {"Qc2": {"_": {"eco": "E03", "name": "Catalan"}}}}}}, "Nf3": {"_": {"eco": "E04", "name": "Catalan"}, "Be7": {"_": {"eco": "E05", "name": "Catalan"}}}}, "Be7": {"Nf3": {"_": {"eco": "E06", "name": "Catalan"}, "O-O": {"O-O": {"Nbd7": {"_": {"eco": "E07", "name": "Catalan"}, "Qc2": {"_": {"eco": "E08", "name": "Catalan"}, "c6": {"Nbd2": {"_": {"eco": "E09", "name": "Catalan"}}}}}}}}}}}}, "Bg5": {"_": {"eco": "E00", "name": "Neo-Indian (Seirawan) attack"}}, "_": {"eco": "E00", "name": "Queen's pawn game"}, "Nf3": {"_": {"eco": "E10", "name": "Queen's pawn game"}, "c5": {"d5": {"b5": {"_": {"eco": "E10", "name": "Queen's pawn game"}, "dxe6": {"fxe6": {"cxb5": {"d5": {"_": {"eco": "E10", "name": "Queen's pawn game"}}}}}, "Bg5": {"_": {"eco": "E10", "name": "Queen's pawn game"}, "exd5": {"cxd5": {"h6": {"_": {"eco": "E10", "name": "Queen's pawn game"}}}}}}}}, "a6": {"_": {"eco": "E10", "name": "Queen's pawn game"}}, "Ne4": {"_": {"eco": "E10", "name": "Queen's pawn game"}}, "Bb4": {"_": {"eco": "E11", "name": "Bogo-Indian Defence"}, "Nbd2": {"_": {"eco": "E11", "name": "Bogo-Indian Defence"}}, "Bd2": {"Qe7": {"_": {"eco": "E11", "name": "Bogo-Indian Defence"}}, "Bxd2": {"Qxd2": {"b6": {"g3": {"Bb7": {"Bg2": {"O-O": {"Nc3": {"Ne4": {"Qc2": {"Nxc3": {"Ng5": {"_": {"eco": "E11", "name": "Bogo-Indian Defence"}}}}}}}}}}}}}}}, "b6": {"_": {"eco": "E12", "name": "Queen's Indian Defence"}, "Bf4": {"_": {"eco": "E12", "name": "Queen's Indian Defence"}}, "a3": {"_": {"eco": "E12", "name": "Queen's Indian Defence"}}, "Nc3": {"_": {"eco": "E12", "name": "Queen's Indian Defence"}, "Bb7": {"Bg5": {"h6": {"Bh4": {"g5": {"Bg3": {"Nh5": {"_": {"eco": "E12", "name": "Queen's Indian Defence"}}}}, "Bb4": {"_": {"eco": "E13", "name": "Queen's Indian Defence"}}}}}}}, "e3": {"_": {"eco": "E14", "name": "Queen's Indian Defence"}, "Bb7": {"Bd3": {"c5": {"O-O": {"Be7": {"b3": {"O-O": {"Bb2": {"cxd4": {"Nxd4": {"_": {"eco": "E14", "name": "Queen's Indian Defence"}}}}}}}}}}}}, "g3": {"_": {"eco": "E15", "name": "Queen's Indian Defence"}, "Ba6": {"_": {"eco": "E15", "name": "Queen's Indian Defence"}}, "Bb7": {"_": {"eco": "E15", "name": "Queen's Indian Defence"}, "Bg2": {"c5": {"d5": {"exd5": {"Nh4": {"_": {"eco": "E15", "name": "Queen's Indian Defence"}}}}}, "Bb4": {"_": {"eco": "E16", "name": "Queen's Indian Defence"}}, "Be7": {"_": {"eco": "E17", "name": "Queen's Indian Defence"}, "O-O": {"O-O": {"Nc3": {"_": {"eco": "E18", "name": "Queen's Indian Defence"}, "Ne4": {"Qc2": {"Nxc3": {"Qxc3": {"_": {"eco": "E19", "name": "Queen's Indian Defence"}}}}}}}}}}}}}}, "Nc3": {"Bb4": {"_": {"eco": "E20", "name": "Nimzo-Indian"}, "f3": {"_": {"eco": "E20", "name": "Nimzo-Indian"}}, "Qd3": {"_": {"eco": "E20", "name": "Nimzo-Indian"}}, "g3": {"_": {"eco": "E20", "name": "Nimzo-Indian"}}, "Nf3": {"_": {"eco": "E21", "name": "Nimzo-Indian"}, "c5": {"d5": {"_": {"eco": "E21", "name": "Nimzo-Indian"}, "Ne4": {"_": {"eco": "E21", "name": "Nimzo-Indian"}}}}}, "Qb3": {"_": {"eco": "E22", "name": "Nimzo-Indian"}, "c5": {"dxc5": {"Nc6": {"_": {"eco": "E23", "name": "Nimzo-Indian"}}}}}, "a3": {"Bxc3": {"bxc3": {"_": {"eco": "E24", "name": "Nimzo-Indian"}, "c5": {"f3": {"d5": {"e3": {"O-O": {"cxd5": {"Nxd5": {"_": {"eco": "E24", "name": "Nimzo-Indian"}}}}}, "cxd5": {"_": {"eco": "E25", "name": "Nimzo-Indian"}}}}, "e3": {"_": {"eco": "E26", "name": "Nimzo-Indian"}}}, "O-O": {"_": {"eco": "E27", "name": "Nimzo-Indian"}, "e3": {"_": {"eco": "E28", "name": "Nimzo-Indian"}, "c5": {"Bd3": {"Nc6": {"_": {"eco": "E29", "name": "Nimzo-Indian"}}}}}}}}}, "Bg5": {"_": {"eco": "E30", "name": "Nimzo-Indian"}, "h6": {"Bh4": {"c5": {"d5": {"b5": {"_": {"eco": "E30", "name": "Nimzo-Indian"}}, "d6": {"_": {"eco": "E31", "name": "Nimzo-Indian"}}}}}}}, "Qc2": {"_": {"eco": "E32", "name": "Nimzo-Indian"}, "O-O": {"a3": {"Bxc3": {"Qxc3": {"b5": {"_": {"eco": "E32", "name": "Nimzo-Indian"}}}}}}, "Nc6": {"_": {"eco": "E33", "name": "Nimzo-Indian"}, "Nf3": {"d6": {"_": {"eco": "E33", "name": "Nimzo-Indian"}}}}, "d5": {"_": {"eco": "E34", "name": "Nimzo-Indian"}, "cxd5": {"exd5": {"_": {"eco": "E35", "name": "Nimzo-Indian"}}}, "a3": {"_": {"eco": "E36", "name": "Nimzo-Indian"}, "Bxc3": {"Qxc3": {"Nc6": {"_": {"eco": "E36", "name": "Nimzo-Indian"}}, "Ne4": {"Qc2": {"_": {"eco": "E37", "name": "Nimzo-Indian"}}}}}}}, "c5": {"_": {"eco": "E38", "name": "Nimzo-Indian"}, "dxc5": {"O-O": {"_": {"eco": "E39", "name": "Nimzo-Indian"}}}}}, "e3": {"_": {"eco": "E40", "name": "Nimzo-Indian"}, "Nc6": {"_": {"eco": "E40", "name": "Nimzo-Indian"}}, "c5": {"_": {"eco": "E41", "name": "Nimzo-Indian"}, "Bd3": {"Nc6": {"Nf3": {"Bxc3": {"bxc3": {"d6": {"_": {"eco": "E41", "name": "Nimzo-Indian"}}}}}}}, "Ne2": {"_": {"eco": "E42", "name": "Nimzo-Indian"}}}, "b6": {"_": {"eco": "E43", "name": "Nimzo-Indian"}, "Ne2": {"_": {"eco": "E44", "name": "Nimzo-Indian"}, "Ba6": {"_": {"eco": "E45", "name": "Nimzo-Indian"}}}}, "O-O": {"_": {"eco": "E46", "name": "Nimzo-Indian"}, "Ne2": {"_": {"eco": "E46", "name": "Nimzo-Indian"}, "d5": {"a3": {"Bd6": {"_": {"eco": "E46", "name": "Nimzo-Indian"}}}}}, "Bd3": {"_": {"eco": "E47", "name": "Nimzo-Indian"}, "d5": {"_": {"eco": "E48", "name": "Nimzo-Indian"}, "a3": {"Bxc3": {"bxc3": {"_": {"eco": "E49", "name": "Nimzo-Indian"}}}}}}, "Nf3": {"_": {"eco": "E50", "name": "Nimzo-Indian"}, "d5": {"_": {"eco": "E51", "name": "Nimzo-Indian"}, "Bd3": {"b6": {"_": {"eco": "E52", "name": "Nimzo-Indian"}}, "c5": {"_": {"eco": "E53", "name": "Nimzo-Indian"}, "O-O": {"dxc4": {"Bxc4": {"_": {"eco": "E54", "name": "Nimzo-Indian"}, "Nbd7": {"_": {"eco": "E55", "name": "Nimzo-Indian"}}}}, "Nc6": {"_": {"eco": "E56", "name": "Nimzo-Indian"}, "a3": {"dxc4": {"Bxc4": {"cxd4": {"_": {"eco": "E57", "name": "Nimzo-Indian"}}}}, "Bxc3": {"bxc3": {"_": {"eco": "E58", "name": "Nimzo-Indian"}, "dxc4": {"Bxc4": {"_": {"eco": "E59", "name": "Nimzo-Indian"}}}}}}}}}}}}}}}}}}}, "f5": {"_": {"eco": "A80", "name": "Dutch"}, "Nc3": {"Nf6": {"g4": {"_": {"eco": "A80", "name": "Dutch"}}}}, "Qd3": {"_": {"eco": "A80", "name": "Dutch"}, "e6": {"g4": {"_": {"eco": "A80", "name": "Dutch"}}}}, "h3": {"_": {"eco": "A80", "name": "Dutch"}}, "g4": {"_": {"eco": "A80", "name": "Dutch"}}, "Bg5": {"_": {"eco": "A80", "name": "Dutch"}}, "g3": {"_": {"eco": "A81", "name": "Dutch"}, "Nf6": {"Bg2": {"e6": {"Nh3": {"_": {"eco": "A81", "name": "Dutch"}}}, "g6": {"_": {"eco": "A81", "name": "Dutch"}}}}, "g6": {"Bg2": {"Bg7": {"Nf3": {"c6": {"O-O": {"Nh6": {"_": {"eco": "A81", "name": "Dutch"}}}}}, "Nh3": {"_": {"eco": "A81", "name": "Dutch"}}}}}}, "e4": {"_": {"eco": "A82", "name": "Dutch"}, "d6": {"_": {"eco": "A82", "name": "Dutch"}}, "fxe4": {"_": {"eco": "A82", "name": "Dutch"}, "Nc3": {"Nf6": {"g4": {"_": {"eco": "A82", "name": "Dutch"}}, "Bg5": {"_": {"eco": "A83", "name": "Dutch"}, "g6": {"h4": {"_": {"eco": "A83", "name": "Dutch"}}, "f3": {"_": {"eco": "A83", "name": "Dutch"}}}, "c6": {"_": {"eco": "A83", "name": "Dutch"}}, "b6": {"_": {"eco": "A83", "name": "Dutch"}}}}}}}, "c4": {"_": {"eco": "A84", "name": "Dutch"}, "g6": {"Nc3": {"Nh6": {"_": {"eco": "A84", "name": "Dutch"}}}}, "e6": {"_": {"eco": "A84", "name": "Dutch"}, "Nc3": {"_": {"eco": "A84", "name": "Dutch"}}, "e4": {"_": {"eco": "A84", "name": "Dutch"}}}, "Nf6": {"_": {"eco": "A84", "name": "Dutch"}, "Nc3": {"_": {"eco": "A85", "name": "Dutch with c4 & Nc3"}}, "g3": {"_": {"eco": "A86", "name": "Dutch"}, "d6": {"Bg2": {"c6": {"Nc3": {"Qc7": {"_": {"eco": "A86", "name": "Dutch"}}}}}}, "g6": {"_": {"eco": "A86", "name": "Dutch"}, "Bg2": {"Bg7": {"Nf3": {"_": {"eco": "A87", "name": "Dutch"}, "O-O": {"O-O": {"d6": {"Nc3": {"c6": {"_": {"eco": "A88", "name": "Dutch"}}, "Nc6": {"_": {"eco": "A89", "name": "Dutch"}}}}}}}}}}, "e6": {"Bg2": {"_": {"eco": "A90", "name": "Dutch"}, "Bb4": {"_": {"eco": "A90", "name": "Dutch"}, "Bd2": {"Be7": {"_": {"eco": "A90", "name": "Dutch"}}}}, "Be7": {"_": {"eco": "A91", "name": "Dutch"}, "Nf3": {"O-O": {"_": {"eco": "A92", "name": "Dutch"}, "O-O": {"d5": {"b3": {"_": {"eco": "A93", "name": "Dutch"}, "c6": {"Ba3": {"_": {"eco": "A94", "name": "Dutch"}}}}, "Nc3": {"c6": {"_": {"eco": "A95", "name": "Dutch"}}}}, "d6": {"_": {"eco": "A96", "name": "Dutch"}, "Nc3": {"Qe8": {"_": {"eco": "A97", "name": "Dutch"}, "Qc2": {"_": {"eco": "A98", "name": "Dutch"}}, "b3": {"_": {"eco": "A99", "name": "Dutch"}}}}}}}}}}}}}}}, "d5": {"e4": {"_": {"eco": "D00", "name": "Blackmar gambit"}}, "Nc3": {"Nf6": {"e4": {"_": {"eco": "D00", "name": "Blackmar-Diemer Gambit"}, "dxe4": {"f3": {"exf3": {"Nxf3": {"e6": {"_": {"eco": "D00", "name": "Blackmar-Diemer Gambit"}}}}}}, "e5": {"_": {"eco": "D00", "name": "Blackmar-Diemer Gambit"}}}, "Bg5": {"_": {"eco": "D01", "name": "Richter-Veresov attack"}, "Bf5": {"Bxf6": {"_": {"eco": "D01", "name": "Richter-Veresov attack"}}, "f3": {"_": {"eco": "D01", "name": "Richter-Veresov attack"}}}}}, "_": {"eco": "D00", "name": "Queen's pawn game"}, "Bg4": {"_": {"eco": "D00", "name": "Queen's pawn game"}}}, "_": {"eco": "D00", "name": "Queen's pawn game"}, "Bf4": {"_": {"eco": "D00", "name": "Queen's pawn game"}, "c5": {"_": {"eco": "D00", "name": "Queen's pawn game"}}}, "Bg5": {"_": {"eco": "D00", "name": "Queen's pawn game"}}, "e3": {"Nf6": {"Bd3": {"_": {"eco": "D00", "name": "Queen's pawn game"}}}}, "Nf3": {"Nf6": {"Bf4": {"_": {"eco": "D02", "name": "Queen's bishop game"}}, "_": {"eco": "D02", "name": "Queen's pawn game"}, "Bg5": {"_": {"eco": "D03", "name": "Torre attack (Tartakower variation)"}}, "e3": {"_": {"eco": "D04", "name": "Queen's pawn game"}, "e6": {"Bd3": {"c5": {"c3": {"_": {"eco": "D05", "name": "Colle system"}}, "b3": {"_": {"eco": "D05", "name": "Queen's pawn game"}}}, "_": {"eco": "D05", "name": "Queen's pawn game"}}, "_": {"eco": "D05", "name": "Queen's pawn game"}, "Nbd2": {"c5": {"b3": {"_": {"eco": "D05", "name": "Queen's pawn game"}}}}}}}, "_": {"eco": "D02", "name": "Queen's pawn game"}, "Nc6": {"_": {"eco": "D02", "name": "Queen's pawn game, Chigorin variation"}}, "c5": {"_": {"eco": "D02", "name": "Queen's pawn game, Krause variation"}}}, "c4": {"_": {"eco": "D06", "name": "Queen's Gambit"}, "Bf5": {"_": {"eco": "D06", "name": "Queen's Gambit Declined"}}, "Nf6": {"_": {"eco": "D06", "name": "Queen's Gambit Declined"}}, "c5": {"_": {"eco": "D06", "name": "Queen's Gambit Declined"}}, "Nc6": {"_": {"eco": "D07", "name": "Queen's Gambit Declined"}, "Nc3": {"dxc4": {"Nf3": {"_": {"eco": "D07", "name": "Queen's Gambit Declined"}}}}}, "e5": {"_": {"eco": "D08", "name": "Queen's Gambit Declined"}, "dxe5": {"d4": {"e3": {"Bb4": {"Bd2": {"dxe3": {"_": {"eco": "D08", "name": "Queen's Gambit Declined"}}}}}, "Nf3": {"_": {"eco": "D08", "name": "Queen's Gambit Declined"}, "Nc6": {"Nbd2": {"_": {"eco": "D08", "name": "Queen's Gambit Declined"}, "Bg4": {"h3": {"Bxf3": {"Nxf3": {"Bb4": {"Bd2": {"Qe7": {"_": {"eco": "D08", "name": "Queen's Gambit Declined"}}}}}}}}, "f6": {"_": {"eco": "D08", "name": "Queen's Gambit Declined"}}, "Qe7": {"_": {"eco": "D08", "name": "Queen's Gambit Declined"}}}, "g3": {"_": {"eco": "D09", "name": "Queen's Gambit Declined"}}}}}}}, "c6": {"_": {"eco": "D10", "name": "QGD Slav"}, "Nc3": {"dxc4": {"e4": {"_": {"eco": "D10", "name": "QGD Slav"}}}, "e5": {"_": {"eco": "D10", "name": "QGD Slav"}}}, "cxd5": {"_": {"eco": "D10", "name": "QGD Slav"}}, "Nf3": {"_": {"eco": "D11", "name": "QGD Slav"}, "Nf6": {"Nbd2": {"_": {"eco": "D11", "name": "QGD Slav"}}, "e3": {"_": {"eco": "D11", "name": "QGD Slav"}, "Bf5": {"_": {"eco": "D12", "name": "QGD Slav"}, "cxd5": {"cxd5": {"Qb3": {"Qc8": {"Bd2": {"e6": {"Na3": {"_": {"eco": "D12", "name": "QGD Slav"}}}}}}}}}}, "cxd5": {"cxd5": {"_": {"eco": "D13", "name": "QGD Slav"}, "Nc3": {"Nc6": {"Bf4": {"Bf5": {"_": {"eco": "D14", "name": "QGD Slav"}}}}}}}, "Nc3": {"_": {"eco": "D15", "name": "QGD Slav"}, "Qb6": {"_": {"eco": "D15", "name": "QGD Slav"}}, "g6": {"_": {"eco": "D15", "name": "QGD Slav"}}, "dxc4": {"e3": {"_": {"eco": "D15", "name": "QGD Slav"}}, "e4": {"_": {"eco": "D15", "name": "QGD Slav"}, "b5": {"e5": {"_": {"eco": "D15", "name": "QGD Slav"}}}}, "_": {"eco": "D15", "name": "QGD Slav accepted"}, "a4": {"Na6": {"e4": {"Bg4": {"_": {"eco": "D16", "name": "QGD Slav"}}}}, "e6": {"_": {"eco": "D16", "name": "QGD Slav"}}, "Bg4": {"_": {"eco": "D16", "name": "QGD Slav"}}, "_": {"eco": "D16", "name": "QGD Slav accepted"}, "Bf5": {"_": {"eco": "D17", "name": "QGD Slav"}, "e3": {"_": {"eco": "D18", "name": "QGD Slav"}, "e6": {"Bxc4": {"Bb4": {"O-O": {"_": {"eco": "D19", "name": "QGD Slav"}}}}}}}}}}}}}, "dxc4": {"_": {"eco": "D20", "name": "QGA"}, "e4": {"_": {"eco": "D20", "name": "QGA"}, "c5": {"d5": {"Nf6": {"Nc3": {"b5": {"_": {"eco": "D20", "name": "QGA"}}}}}}, "f5": {"_": {"eco": "D20", "name": "QGA"}}}, "Nf3": {"_": {"eco": "D21", "name": "QGA"}, "b5": {"_": {"eco": "D21", "name": "QGA"}}, "a6": {"e4": {"_": {"eco": "D21", "name": "QGA"}}, "_": {"eco": "D22", "name": "QGA"}, "e3": {"Bg4": {"Bxc4": {"e6": {"d5": {"_": {"eco": "D22", "name": "QGA"}}}}}, "b5": {"_": {"eco": "D22", "name": "QGA"}}}}, "Nf6": {"_": {"eco": "D23", "name": "QGA"}, "Qa4": {"_": {"eco": "D23", "name": "QGA"}}, "Nc3": {"_": {"eco": "D24", "name": "QGA"}, "a6": {"e4": {"_": {"eco": "D24", "name": "QGA"}}}}, "e3": {"_": {"eco": "D25", "name": "QGA"}, "g6": {"_": {"eco": "D25", "name": "QGA"}}, "Bg4": {"_": {"eco": "D25", "name": "QGA"}}, "Be6": {"_": {"eco": "D25", "name": "QGA"}}, "e6": {"_": {"eco": "D26", "name": "QGA"}, "Bxc4": {"c5": {"_": {"eco": "D26", "name": "QGA"}, "O-O": {"a6": {"_": {"eco": "D27", "name": "QGA"}, "Qe2": {"_": {"eco": "D28", "name": "QGA"}, "b5": {"Bb3": {"Bb7": {"_": {"eco": "D29", "name": "QGA"}}}}}}}}}}}}}}, "e6": {"_": {"eco": "D30", "name": "Queen's Gambit Declined"}, "Nf3": {"Nf6": {"e3": {"c6": {"Nbd2": {"_": {"eco": "D30", "name": "Queen's Gambit Declined"}, "Ne4": {"Bd3": {"f5": {"_": {"eco": "D30", "name": "Queen's Gambit Declined"}}}}, "Nbd7": {"_": {"eco": "D30", "name": "Queen's Gambit Declined"}}, "g6": {"_": {"eco": "D30", "name": "Queen's Gambit Declined"}}}}}, "Bg5": {"_": {"eco": "D30", "name": "Queen's Gambit Declined"}, "Nbd7": {"e3": {"c6": {"Nbd2": {"_": {"eco": "D30", "name": "Queen's Gambit Declined"}}}}}, "Bb4": {"_": {"eco": "D30", "name": "Queen's Gambit Declined"}}, "h6": {"_": {"eco": "D30", "name": "Queen's Gambit Declined"}, "Bxf6": {"Qxf6": {"Nc3": {"c6": {"Qb3": {"_": {"eco": "D30", "name": "Queen's Gambit Declined"}}}}}}}}}}, "Nc3": {"_": {"eco": "D31", "name": "Queen's Gambit Declined"}, "a6": {"_": {"eco": "D31", "name": "Queen's Gambit Declined"}}, "b6": {"_": {"eco": "D31", "name": "Queen's Gambit Declined"}}, "Be7": {"_": {"eco": "D31", "name": "Queen's Gambit Declined"}}, "c6": {"_": {"eco": "D31", "name": "Queen's Gambit Declined"}, "Nf3": {"dxc4": {"_": {"eco": "D31", "name": "Queen's Gambit Declined"}, "a4": {"Bb4": {"e3": {"b5": {"Bd2": {"Qe7": {"_": {"eco": "D31", "name": "Queen's Gambit Declined"}}}}}}}}}, "e4": {"_": {"eco": "D31", "name": "Queen's Gambit Declined"}}}, "c5": {"_": {"eco": "D32", "name": "Queen's Gambit Declined"}, "cxd5": {"cxd4": {"_": {"eco": "D32", "name": "Queen's Gambit Declined"}}, "exd5": {"_": {"eco": "D32", "name": "Queen's Gambit Declined"}, "dxc5": {"d4": {"Na4": {"b5": {"_": {"eco": "D32", "name": "Queen's Gambit Declined"}}}}}, "e4": {"_": {"eco": "D32", "name": "Queen's Gambit Declined"}}, "Nf3": {"_": {"eco": "D32", "name": "Queen's Gambit Declined"}, "Nc6": {"g3": {"_": {"eco": "D33", "name": "Queen's Gambit Declined"}, "Nf6": {"Bg2": {"Be7": {"_": {"eco": "D34", "name": "Queen's Gambit Declined"}}}}}}}}}}, "Nf6": {"_": {"eco": "D35", "name": "Queen's Gambit Declined"}, "Bf4": {"_": {"eco": "D35", "name": "Queen's Gambit Declined"}}, "cxd5": {"_": {"eco": "D35", "name": "Queen's Gambit Declined"}, "exd5": {"Nf3": {"Nbd7": {"Bf4": {"_": {"eco": "D35", "name": "Queen's Gambit Declined"}}}}, "Bg5": {"_": {"eco": "D35", "name": "Queen's Gambit Declined"}, "Be7": {"e3": {"O-O": {"Bd3": {"Nbd7": {"Qc2": {"Re8": {"Nge2": {"Nf8": {"O-O-O": {"_": {"eco": "D35", "name": "Queen's Gambit Declined"}}}}}}}}}}}, "c6": {"_": {"eco": "D35", "name": "Queen's Gambit Declined"}, "Qc2": {"_": {"eco": "D36", "name": "Queen's Gambit Declined"}}}}}}, "Nf3": {"_": {"eco": "D37", "name": "Queen's Gambit Declined"}, "Be7": {"Bf4": {"_": {"eco": "D37", "name": "Queen's Gambit Declined"}}}, "Bb4": {"_": {"eco": "D38", "name": "Queen's Gambit Declined"}, "Bg5": {"dxc4": {"_": {"eco": "D39", "name": "Queen's Gambit Declined"}}}}, "c5": {"_": {"eco": "D40", "name": "Queen's Gambit Declined"}, "e3": {"Nc6": {"Bd3": {"Bd6": {"O-O": {"O-O": {"_": {"eco": "D40", "name": "Queen's Gambit Declined"}}}}}}}, "Bg5": {"_": {"eco": "D40", "name": "Queen's Gambit Declined"}}, "cxd5": {"_": {"eco": "D41", "name": "Queen's Gambit Declined"}, "Nxd5": {"e4": {"Nxc3": {"bxc3": {"cxd4": {"cxd4": {"Bb4": {"Bd2": {"Bxd2": {"Qxd2": {"O-O": {"Bb5": {"_": {"eco": "D41", "name": "Queen's Gambit Declined"}}}}}}}}}}}}, "e3": {"Nc6": {"Bd3": {"_": {"eco": "D42", "name": "Queen's Gambit Declined"}}}}}}}, "c6": {"_": {"eco": "D43", "name": "QGD semi-Slav"}, "Bg5": {"h6": {"Bxf6": {"Qxf6": {"Qb3": {"_": {"eco": "D43", "name": "QGD semi-Slav"}}}}}, "dxc4": {"_": {"eco": "D44", "name": "QGD semi-Slav"}}}, "e3": {"_": {"eco": "D45", "name": "QGD semi-Slav"}, "Ne4": {"Bd3": {"f5": {"_": {"eco": "D45", "name": "QGD semi-Slav"}}}}, "a6": {"_": {"eco": "D45", "name": "QGD semi-Slav"}}, "Nbd7": {"_": {"eco": "D45", "name": "QGD semi-Slav"}, "Bd3": {"_": {"eco": "D46", "name": "QGD semi-Slav"}, "dxc4": {"Bxc4": {"_": {"eco": "D47", "name": "QGD semi-Slav"}, "b5": {"Bd3": {"a6": {"_": {"eco": "D48", "name": "QGD semi-Slav"}, "e4": {"c5": {"e5": {"cxd4": {"Nxb5": {"_": {"eco": "D49", "name": "QGD semi-Slav"}}}}}}}}}}}}}}}}, "Bg5": {"_": {"eco": "D50", "name": "Queen's Gambit Declined"}, "c5": {"_": {"eco": "D50", "name": "Queen's Gambit Declined"}, "Nf3": {"cxd4": {"Nxd4": {"e5": {"Ndb5": {"a6": {"Qa4": {"_": {"eco": "D50", "name": "Queen's Gambit Declined"}}}}}}}}, "cxd5": {"_": {"eco": "D50", "name": "Queen's Gambit Declined"}, "Qb6": {"_": {"eco": "D50", "name": "Queen's Gambit Declined"}}}}, "Nbd7": {"_": {"eco": "D51", "name": "Queen's Gambit Declined"}, "Nf3": {"c6": {"Rc1": {"Qa5": {"Bd2": {"_": {"eco": "D51", "name": "Queen's Gambit Declined"}}}}}}, "e3": {"_": {"eco": "D51", "name": "Queen's Gambit Declined"}, "Bb4": {"_": {"eco": "D51", "name": "Queen's Gambit Declined"}}, "c6": {"_": {"eco": "D51", "name": "Queen's Gambit Declined"}, "Nf3": {"_": {"eco": "D52", "name": "Queen's Gambit Declined"}}}}}, "Be7": {"_": {"eco": "D53", "name": "Queen's Gambit Declined"}, "e3": {"Ne4": {"_": {"eco": "D53", "name": "Queen's Gambit Declined"}}, "O-O": {"_": {"eco": "D53", "name": "Queen's Gambit Declined"}, "Rc1": {"_": {"eco": "D54", "name": "Queen's Gambit Declined"}}, "Nf3": {"_": {"eco": "D55", "name": "Queen's Gambit Declined"}, "h6": {"Bh4": {"Ne4": {"_": {"eco": "D56", "name": "Queen's Gambit Declined"}, "Bxe7": {"Qxe7": {"cxd5": {"Nxc3": {"bxc3": {"_": {"eco": "D57", "name": "Queen's Gambit Declined"}}}}}}}, "b6": {"_": {"eco": "D58", "name": "Queen's Gambit Declined"}, "cxd5": {"Nxd5": {"_": {"eco": "D59", "name": "Queen's Gambit Declined"}}}}}}, "Nbd7": {"_": {"eco": "D60", "name": "Queen's Gambit Declined"}, "Qc2": {"_": {"eco": "D61", "name": "Queen's Gambit Declined"}, "c5": {"cxd5": {"_": {"eco": "D62", "name": "Queen's Gambit Declined"}}}}, "Rc1": {"_": {"eco": "D63", "name": "Queen's Gambit Declined"}, "c6": {"Qc2": {"_": {"eco": "D64", "name": "Queen's Gambit Declined"}, "a6": {"cxd5": {"_": {"eco": "D65", "name": "Queen's Gambit Declined"}}}}, "Bd3": {"_": {"eco": "D66", "name": "Queen's Gambit Declined"}, "dxc4": {"Bxc4": {"Nd5": {"_": {"eco": "D67", "name": "Queen's Gambit Declined"}, "Bxe7": {"Qxe7": {"O-O": {"Nxc3": {"Rxc3": {"e5": {"_": {"eco": "D68", "name": "Queen's Gambit Declined"}, "dxe5": {"Nxe5": {"Nxe5": {"Qxe5": {"_": {"eco": "D69", "name": "Queen's Gambit Declined"}}}}}}}}}}}}}}}}}}}}}}}}}}}}}, "e4": {"f6": {"_": {"eco": "B00", "name": "Barnes defence"}, "d4": {"Kf7": {"_": {"eco": "B00", "name": "Fried fox defence"}}}}, "g5": {"_": {"eco": "B00", "name": "Basman defence"}}, "h6": {"_": {"eco": "B00", "name": "Carr's defence"}}, "a5": {"_": {"eco": "B00", "name": "Corn stalk defence"}}, "f5": {"_": {"eco": "B00", "name": "Duras Gambit"}}, "b6": {"d4": {"Ba6": {"_": {"eco": "B00", "name": "Guatemala defence"}}}, "_": {"eco": "B00", "name": "Owen defence"}}, "Nh6": {"d4": {"g6": {"c4": {"f6": {"_": {"eco": "B00", "name": "Hippopotamus"}}}}}}, "_": {"eco": "B00", "name": "King's pawn game"}, "Na6": {"_": {"eco": "B00", "name": "Lemming defence"}}, "Nc6": {"_": {"eco": "B00", "name": "Nimzovich"}, "b4": {"Nxb4": {"c3": {"Nc6": {"d4": {"_": {"eco": "B00", "name": "Nimzovich"}}}}}}, "Nf3": {"_": {"eco": "B00", "name": "Nimzovich"}, "f5": {"_": {"eco": "B00", "name": "Nimzovich"}}}, "d4": {"_": {"eco": "B00", "name": "Nimzovich"}, "d5": {"exd5": {"Qxd5": {"Nc3": {"_": {"eco": "B00", "name": "Nimzovich"}}}}, "Nc3": {"_": {"eco": "B00", "name": "Nimzovich"}}}, "f6": {"_": {"eco": "B00", "name": "Nimzovich"}}}}, "a6": {"_": {"eco": "B00", "name": "St. George defence"}}, "d5": {"_": {"eco": "B01", "name": "Scandinavian"}, "exd5": {"Qxd5": {"Nc3": {"Qa5": {"d4": {"Nf6": {"Nf3": {"Bg4": {"h3": {"_": {"eco": "B01", "name": "Scandinavian"}}}, "Bf5": {"_": {"eco": "B01", "name": "Scandinavian"}}}}, "e5": {"_": {"eco": "B01", "name": "Scandinavian"}, "dxe5": {"Bb4": {"Bd2": {"Nc6": {"Nf3": {"_": {"eco": "B01", "name": "Scandinavian"}}}}}}, "Nf3": {"_": {"eco": "B01", "name": "Scandinavian"}, "Bg4": {"_": {"eco": "B01", "name": "Scandinavian"}}}}}, "b4": {"_": {"eco": "B01", "name": "Scandinavian"}}}, "Qd6": {"_": {"eco": "B01", "name": "Scandinavian"}}}}, "Nf6": {"_": {"eco": "B01", "name": "Scandinavian"}, "c4": {"e6": {"_": {"eco": "B01", "name": "Scandinavian"}}, "c6": {"_": {"eco": "B01", "name": "Scandinavian"}}}, "d4": {"_": {"eco": "B01", "name": "Scandinavian"}, "Nxd5": {"_": {"eco": "B01", "name": "Scandinavian"}, "c4": {"Nb4": {"_": {"eco": "B01", "name": "Scandinavian"}}}}, "g6": {"_": {"eco": "B01", "name": "Scandinavian"}}}}}}, "Nf6": {"_": {"eco": "B02", "name": "Alekhine's defence"}, "Nc3": {"d5": {"_": {"eco": "B02", "name": "Alekhine's defence"}, "e5": {"Nfd7": {"e6": {"_": {"eco": "B02", "name": "Alekhine's defence"}}}}}}, "d3": {"_": {"eco": "B02", "name": "Alekhine's defence"}}, "Bc4": {"_": {"eco": "B02", "name": "Alekhine's defence"}}, "e5": {"Ne4": {"_": {"eco": "B02", "name": "Alekhine's defence"}}, "Ng8": {"_": {"eco": "B02", "name": "Alekhine's defence"}}, "Nd5": {"_": {"eco": "B02", "name": "Alekhine's defence"}, "Bc4": {"Nb6": {"Bb3": {"c5": {"d3": {"_": {"eco": "B02", "name": "Alekhine's defence"}}}}}}, "Nc3": {"_": {"eco": "B02", "name": "Alekhine's defence"}}, "b3": {"_": {"eco": "B02", "name": "Alekhine's defence"}}, "c4": {"_": {"eco": "B02", "name": "Alekhine's defence"}, "Nb6": {"b3": {"_": {"eco": "B02", "name": "Alekhine's defence"}}, "c5": {"_": {"eco": "B02", "name": "Alekhine's defence"}, "Nd5": {"Bc4": {"e6": {"Nc3": {"d6": {"_": {"eco": "B02", "name": "Alekhine's defence"}}}}}}}}}, "d4": {"_": {"eco": "B03", "name": "Alekhine's defence"}, "b5": {"_": {"eco": "B03", "name": "Alekhine's defence"}}, "d6": {"_": {"eco": "B03", "name": "Alekhine's defence"}, "Bc4": {"_": {"eco": "B03", "name": "Alekhine's defence"}}, "c4": {"_": {"eco": "B03", "name": "Alekhine's defence"}, "Nb6": {"exd6": {"_": {"eco": "B03", "name": "Alekhine's defence"}, "cxd6": {"Nf3": {"g6": {"Be2": {"Bg7": {"O-O": {"O-O": {"h3": {"Nc6": {"Nc3": {"Bf5": {"Bf4": {"_": {"eco": "B03", "name": "Alekhine's defence"}}}}}}}}}}}}}}, "f4": {"_": {"eco": "B03", "name": "Alekhine's defence"}, "dxe5": {"fxe5": {"Bf5": {"Nc3": {"e6": {"Nf3": {"Be7": {"Be2": {"O-O": {"O-O": {"f6": {"_": {"eco": "B03", "name": "Alekhine's defence"}}}}}}}}}}}}, "g5": {"_": {"eco": "B03", "name": "Alekhine's defence"}}, "g6": {"_": {"eco": "B03", "name": "Alekhine's defence"}}, "Bf5": {"_": {"eco": "B03", "name": "Alekhine's defence"}}}}}, "Nf3": {"_": {"eco": "B04", "name": "Alekhine's defence"}, "dxe5": {"_": {"eco": "B04", "name": "Alekhine's defence"}}, "Nb6": {"_": {"eco": "B04", "name": "Alekhine's defence"}}, "g6": {"_": {"eco": "B04", "name": "Alekhine's defence"}, "Bc4": {"Nb6": {"Bb3": {"Bg7": {"a4": {"_": {"eco": "B04", "name": "Alekhine's defence"}}}}}}}, "Bg4": {"_": {"eco": "B05", "name": "Alekhine's defence"}, "Be2": {"c6": {"_": {"eco": "B05", "name": "Alekhine's defence"}}}, "h3": {"_": {"eco": "B05", "name": "Alekhine's defence"}}, "c4": {"_": {"eco": "B05", "name": "Alekhine's defence"}, "Nb6": {"d5": {"_": {"eco": "B05", "name": "Alekhine's defence"}}}}}}}}}}}, "g6": {"_": {"eco": "B06", "name": "Robatsch"}, "d4": {"Nf6": {"e5": {"Nh5": {"g4": {"Ng7": {"_": {"eco": "B06", "name": "Robatsch"}}}}}}, "Bg7": {"_": {"eco": "B06", "name": "Robatsch"}, "f4": {"_": {"eco": "B06", "name": "Robatsch"}}, "Nc3": {"_": {"eco": "B06", "name": "Robatsch"}, "c6": {"f4": {"d5": {"e5": {"h5": {"_": {"eco": "B06", "name": "Robatsch"}}}}}}, "d6": {"_": {"eco": "B06", "name": "Robatsch"}, "Nf3": {"_": {"eco": "B06", "name": "Robatsch"}, "c6": {"_": {"eco": "B06", "name": "Robatsch"}}}, "f4": {"_": {"eco": "B06", "name": "Robatsch"}}}}, "Nf3": {"d6": {"c4": {"Bg4": {"_": {"eco": "B06", "name": "Robatsch"}}}, "c3": {"_": {"eco": "B06", "name": "Robatsch"}}}}}}}, "d6": {"d4": {"Nf6": {"Nc3": {"_": {"eco": "B07", "name": "Pirc"}, "c6": {"_": {"eco": "B07", "name": "Pirc"}}, "g6": {"_": {"eco": "B07", "name": "Pirc"}, "Be3": {"c6": {"Qd2": {"_": {"eco": "B07", "name": "Pirc"}}}}, "g3": {"_": {"eco": "B07", "name": "Pirc"}}, "Bc4": {"_": {"eco": "B07", "name": "Pirc"}}, "Bg5": {"_": {"eco": "B07", "name": "Pirc"}}, "Be2": {"_": {"eco": "B07", "name": "Pirc"}, "Bg7": {"g4": {"_": {"eco": "B07", "name": "Pirc"}}, "h4": {"_": {"eco": "B07", "name": "Pirc"}}}}, "Nf3": {"_": {"eco": "B08", "name": "Pirc"}, "Bg7": {"_": {"eco": "B08", "name": "Pirc"}, "h3": {"_": {"eco": "B08", "name": "Pirc"}}, "Be2": {"_": {"eco": "B08", "name": "Pirc"}}}}, "f4": {"_": {"eco": "B09", "name": "Pirc"}, "Bg7": {"Nf3": {"O-O": {"_": {"eco": "B09", "name": "Pirc"}}, "c5": {"_": {"eco": "B09", "name": "Pirc"}}}, "Bc4": {"_": {"eco": "B09", "name": "Pirc"}}}}}}}}}, "c6": {"_": {"eco": "B10", "name": "Caro-Kann"}, "Bc4": {"_": {"eco": "B10", "name": "Caro-Kann"}}, "c4": {"_": {"eco": "B10", "name": "Caro-Kann"}, "d5": {"_": {"eco": "B10", "name": "Caro-Kann"}}}, "d3": {"_": {"eco": "B10", "name": "Caro-Kann"}}, "Nc3": {"_": {"eco": "B10", "name": "Caro-Kann"}, "d5": {"Qf3": {"_": {"eco": "B10", "name": "Caro-Kann"}}, "Nf3": {"_": {"eco": "B10", "name": "Caro-Kann"}, "Bg4": {"_": {"eco": "B11", "name": "Caro-Kann"}}}}}, "d4": {"_": {"eco": "B12", "name": "Caro-Kann"}, "Na6": {"Nc3": {"Nc7": {"_": {"eco": "B12", "name": "Caro-Kann"}}}}, "Nf6": {"_": {"eco": "B12", "name": "Caro-Kann"}}, "d5": {"_": {"eco": "B12", "name": "Caro-Kann"}, "f3": {"_": {"eco": "B12", "name": "Caro-Kann"}}, "Nd2": {"_": {"eco": "B12", "name": "Caro-Kann"}, "Qb6": {"_": {"eco": "B12", "name": "Caro-Kann"}}}, "e5": {"_": {"eco": "B12", "name": "Caro-Kann"}, "Bf5": {"c3": {"e6": {"Be2": {"_": {"eco": "B12", "name": "Caro-Kann"}}}}}}, "exd5": {"_": {"eco": "B13", "name": "Caro-Kann"}, "cxd5": {"Bd3": {"Nc6": {"c3": {"Nf6": {"Bf4": {"_": {"eco": "B13", "name": "Caro-Kann"}}}}}}, "c4": {"_": {"eco": "B13", "name": "Caro-Kann"}, "Nf6": {"c5": {"_": {"eco": "B13", "name": "Caro-Kann"}}, "Nc3": {"_": {"eco": "B13", "name": "Caro-Kann"}, "Nc6": {"Bg5": {"dxc4": {"d5": {"Na5": {"_": {"eco": "B13", "name": "Caro-Kann"}}}}}}, "e6": {"_": {"eco": "B14", "name": "Caro-Kann"}}, "g6": {"_": {"eco": "B14", "name": "Caro-Kann"}}}}}}}, "Nc3": {"_": {"eco": "B15", "name": "Caro-Kann"}, "b5": {"_": {"eco": "B15", "name": "Caro-Kann"}}, "g6": {"_": {"eco": "B15", "name": "Caro-Kann"}}, "dxe4": {"f3": {"_": {"eco": "B15", "name": "Caro-Kann"}}, "Nxe4": {"_": {"eco": "B15", "name": "Caro-Kann"}, "Nf6": {"Bd3": {"_": {"eco": "B15", "name": "Caro-Kann"}}, "Nxf6": {"exf6": {"_": {"eco": "B15", "name": "Caro-Kann"}}, "gxf6": {"_": {"eco": "B16", "name": "Caro-Kann"}}}}, "Nd7": {"_": {"eco": "B17", "name": "Caro-Kann"}}, "Bf5": {"_": {"eco": "B18", "name": "Caro-Kann"}, "Ng3": {"Bg6": {"Nh3": {"_": {"eco": "B18", "name": "Caro-Kann"}}, "h4": {"h6": {"Nf3": {"Nd7": {"_": {"eco": "B19", "name": "Caro-Kann"}}}}}}}}}}}}}}, "c5": {"_": {"eco": "B20", "name": "Sicilian"}, "c4": {"d6": {"Nc3": {"Nc6": {"g3": {"h5": {"_": {"eco": "B20", "name": "Sicilian"}}}}}}}, "g3": {"_": {"eco": "B20", "name": "Sicilian"}}, "b4": {"_": {"eco": "B20", "name": "Sicilian"}, "cxb4": {"c4": {"_": {"eco": "B20", "name": "Sicilian"}}, "a3": {"_": {"eco": "B20", "name": "Sicilian"}, "d5": {"exd5": {"Qxd5": {"Bb2": {"_": {"eco": "B20", "name": "Sicilian"}}}}}, "bxa3": {"_": {"eco": "B20", "name": "Sicilian"}}}}}, "Ne2": {"_": {"eco": "B20", "name": "Sicilian"}}, "f4": {"_": {"eco": "B21", "name": "Sicilian"}}, "d4": {"_": {"eco": "B21", "name": "Sicilian"}, "cxd4": {"Nf3": {"e5": {"c3": {"_": {"eco": "B21", "name": "Sicilian"}}}}, "c3": {"_": {"eco": "B21", "name": "Sicilian"}, "dxc3": {"Nxc3": {"Nc6": {"Nf3": {"d6": {"Bc4": {"e6": {"O-O": {"a6": {"Qe2": {"b5": {"Bb3": {"Ra7": {"_": {"eco": "B21", "name": "Sicilian"}}}}}}}}}}}}}}}}}, "c3": {"_": {"eco": "B22", "name": "Sicilian"}, "Nf6": {"e5": {"Nd5": {"Nf3": {"Nc6": {"Na3": {"_": {"eco": "B22", "name": "Sicilian"}}}}}}}}, "Nc3": {"_": {"eco": "B23", "name": "Sicilian"}, "e6": {"g3": {"d5": {"_": {"eco": "B23", "name": "Sicilian"}}}}, "Nc6": {"_": {"eco": "B23", "name": "Sicilian"}, "Nge2": {"_": {"eco": "B23", "name": "Sicilian"}}, "f4": {"_": {"eco": "B23", "name": "Sicilian"}, "g6": {"Nf3": {"Bg7": {"Bc4": {"e6": {"f5": {"_": {"eco": "B23", "name": "Sicilian"}}}}}}}}, "g3": {"_": {"eco": "B24", "name": "Sicilian"}, "g6": {"Bg2": {"Bg7": {"d3": {"e6": {"Be3": {"Nd4": {"Nce2": {"_": {"eco": "B24", "name": "Sicilian"}}}}}, "d6": {"_": {"eco": "B25", "name": "Sicilian"}, "Be3": {"_": {"eco": "B26", "name": "Sicilian"}}}}}}}}}}, "Nf3": {"_": {"eco": "B27", "name": "Sicilian"}, "Qa5": {"_": {"eco": "B27", "name": "Sicilian"}}, "Qc7": {"_": {"eco": "B27", "name": "Sicilian"}}, "b6": {"_": {"eco": "B27", "name": "Sicilian"}}, "g6": {"_": {"eco": "B27", "name": "Sicilian"}, "c4": {"Bh6": {"_": {"eco": "B27", "name": "Sicilian"}}}}, "a6": {"_": {"eco": "B28", "name": "Sicilian"}}, "Nf6": {"_": {"eco": "B29", "name": "Sicilian"}, "e5": {"Nd5": {"Nc3": {"e6": {"Nxd5": {"exd5": {"d4": {"Nc6": {"_": {"eco": "B29", "name": "Sicilian"}}}}}}}}}}, "Nc6": {"_": {"eco": "B30", "name": "Sicilian"}, "Bb5": {"_": {"eco": "B30", "name": "Sicilian"}, "g6": {"_": {"eco": "B31", "name": "Sicilian"}, "O-O": {"Bg7": {"Re1": {"e5": {"b4": {"_": {"eco": "B31", "name": "Sicilian"}}}}}}}}, "d4": {"_": {"eco": "B32", "name": "Sicilian"}, "cxd4": {"Nxd4": {"Qc7": {"_": {"eco": "B32", "name": "Sicilian"}}, "d5": {"_": {"eco": "B32", "name": "Sicilian"}}, "e5": {"_": {"eco": "B32", "name": "Sicilian"}, "Nb5": {"d6": {"_": {"eco": "B32", "name": "Sicilian"}}}}, "Nf6": {"_": {"eco": "B33", "name": "Sicilian"}, "Nc3": {"e5": {"_": {"eco": "B33", "name": "Sicilian"}}, "d6": {"Be2": {"_": {"eco": "B58", "name": "Sicilian"}, "e5": {"Nb3": {"_": {"eco": "B59", "name": "Sicilian"}}}}}}}, "g6": {"Nxc6": {"_": {"eco": "B34", "name": "Sicilian"}}, "Nc3": {"_": {"eco": "B34", "name": "Sicilian"}, "Bg7": {"Be3": {"Nf6": {"Bc4": {"_": {"eco": "B35", "name": "Sicilian"}}}}}}, "c4": {"_": {"eco": "B36", "name": "Sicilian"}, "Nf6": {"Nc3": {"Nxd4": {"Qxd4": {"d6": {"_": {"eco": "B36", "name": "Sicilian"}}}}}}, "Bg7": {"_": {"eco": "B37", "name": "Sicilian"}, "Be3": {"_": {"eco": "B38", "name": "Sicilian"}, "Nf6": {"Nc3": {"Ng4": {"_": {"eco": "B39", "name": "Sicilian"}}}}}}}}}}}}, "e6": {"_": {"eco": "B40", "name": "Sicilian"}, "d4": {"d5": {"_": {"eco": "B40", "name": "Sicilian"}}, "cxd4": {"_": {"eco": "B40", "name": "Sicilian"}, "Nxd4": {"Nf6": {"_": {"eco": "B40", "name": "Sicilian"}, "Nc3": {"Bb4": {"_": {"eco": "B40", "name": "Sicilian"}}}}, "a6": {"_": {"eco": "B41", "name": "Sicilian"}, "c4": {"_": {"eco": "B41", "name": "Sicilian"}, "Nf6": {"Nc3": {"Bb4": {"Bd3": {"Nc6": {"Bc2": {"_": {"eco": "B41", "name": "Sicilian"}}}}}}}}, "Bd3": {"_": {"eco": "B42", "name": "Sicilian"}, "Nf6": {"O-O": {"d6": {"c4": {"g6": {"_": {"eco": "B42", "name": "Sicilian"}}}}}}, "Bc5": {"_": {"eco": "B42", "name": "Sicilian"}}, "g6": {"_": {"eco": "B42", "name": "Sicilian"}}}, "Nc3": {"_": {"eco": "B43", "name": "Sicilian"}}}, "Nc6": {"_": {"eco": "B44", "name": "Sicilian"}, "Nb5": {"_": {"eco": "B44", "name": "Sicilian"}, "d6": {"c4": {"_": {"eco": "B44", "name": "Sicilian"}}}}, "Nc3": {"_": {"eco": "B45", "name": "Sicilian"}, "Nf6": {"Ndb5": {"Bb4": {"Nd6": {"_": {"eco": "B45", "name": "Sicilian"}}}}}, "a6": {"_": {"eco": "B46", "name": "Sicilian"}}, "Qc7": {"_": {"eco": "B47", "name": "Sicilian"}, "Be3": {"_": {"eco": "B48", "name": "Sicilian"}, "a6": {"Be2": {"_": {"eco": "B49", "name": "Sicilian"}}}}}}}}}}}, "d6": {"_": {"eco": "B50", "name": "Sicilian"}, "b4": {"_": {"eco": "B50", "name": "Sicilian"}}, "Bb5": {"_": {"eco": "B51", "name": "Sicilian"}, "Bd7": {"_": {"eco": "B52", "name": "Sicilian"}, "Bxd7": {"Qxd7": {"O-O": {"Nc6": {"c3": {"Nf6": {"d4": {"_": {"eco": "B52", "name": "Sicilian"}}}}}}, "c4": {"_": {"eco": "B52", "name": "Sicilian"}}}}}}, "d4": {"cxd4": {"Qxd4": {"_": {"eco": "B53", "name": "Sicilian"}, "Nc6": {"Bb5": {"Qd7": {"_": {"eco": "B53", "name": "Sicilian"}}}}}, "Nxd4": {"_": {"eco": "B54", "name": "Sicilian"}, "Nf6": {"f3": {"_": {"eco": "B54", "name": "Sicilian"}, "e5": {"Bb5": {"_": {"eco": "B55", "name": "Sicilian"}}}}, "Nc3": {"_": {"eco": "B56", "name": "Sicilian"}, "e5": {"Bb5": {"_": {"eco": "B56", "name": "Sicilian"}}}, "Nc6": {"_": {"eco": "B56", "name": "Sicilian"}, "Bc4": {"_": {"eco": "B57", "name": "Sicilian"}}, "Bg5": {"_": {"eco": "B60", "name": "Sicilian"}, "Bd7": {"Qd2": {"_": {"eco": "B61", "name": "Sicilian"}}}, "e6": {"_": {"eco": "B62", "name": "Sicilian"}, "Qd2": {"_": {"eco": "B63", "name": "Sicilian"}, "Be7": {"O-O-O": {"O-O": {"f4": {"_": {"eco": "B64", "name": "Sicilian"}, "Nxd4": {"_": {"eco": "B65", "name": "Sicilian"}}}}}}, "a6": {"_": {"eco": "B66", "name": "Sicilian"}, "O-O-O": {"Bd7": {"_": {"eco": "B67", "name": "Sicilian"}, "f4": {"Be7": {"_": {"eco": "B68", "name": "Sicilian"}, "Nf3": {"b5": {"Bxf6": {"_": {"eco": "B69", "name": "Sicilian"}}}}}}}}}}}}}, "g6": {"_": {"eco": "B70", "name": "Sicilian"}, "f4": {"_": {"eco": "B71", "name": "Sicilian"}}, "Be3": {"_": {"eco": "B72", "name": "Sicilian"}, "Bg7": {"Be2": {"Nc6": {"O-O": {"_": {"eco": "B73", "name": "Sicilian"}, "O-O": {"Nb3": {"_": {"eco": "B74", "name": "Sicilian"}}}}}}, "f3": {"_": {"eco": "B75", "name": "Sicilian"}, "O-O": {"_": {"eco": "B76", "name": "Sicilian"}, "Qd2": {"Nc6": {"Bc4": {"_": {"eco": "B77", "name": "Sicilian"}, "Bd7": {"O-O-O": {"_": {"eco": "B78", "name": "Sicilian"}, "Qa5": {"Bb3": {"Rfc8": {"h4": {"_": {"eco": "B79", "name": "Sicilian"}}}}}}}}}}}}}}}, "e6": {"_": {"eco": "B80", "name": "Sicilian"}, "g4": {"_": {"eco": "B81", "name": "Sicilian"}}, "f4": {"_": {"eco": "B82", "name": "Sicilian"}}, "Be2": {"_": {"eco": "B83", "name": "Sicilian"}, "a6": {"_": {"eco": "B84", "name": "Sicilian"}, "O-O": {"Qc7": {"f4": {"Nc6": {"_": {"eco": "B85", "name": "Sicilian"}}}}}}}, "Bc4": {"_": {"eco": "B86", "name": "Sicilian"}, "a6": {"Bb3": {"b5": {"_": {"eco": "B87", "name": "Sicilian"}}}}, "Nc6": {"_": {"eco": "B88", "name": "Sicilian"}, "Be3": {"_": {"eco": "B89", "name": "Sicilian"}}}}}, "a6": {"_": {"eco": "B90", "name": "Sicilian"}, "g3": {"_": {"eco": "B91", "name": "Sicilian"}}, "Be2": {"_": {"eco": "B92", "name": "Sicilian"}}, "f4": {"_": {"eco": "B93", "name": "Sicilian"}}, "Bg5": {"_": {"eco": "B94", "name": "Sicilian"}, "e6": {"_": {"eco": "B95", "name": "Sicilian"}, "f4": {"_": {"eco": "B96", "name": "Sicilian"}, "Qb6": {"_": {"eco": "B97", "name": "Sicilian"}}, "Be7": {"_": {"eco": "B98", "name": "Sicilian"}, "Qf3": {"Qc7": {"O-O-O": {"Nbd7": {"_": {"eco": "B99", "name": "Sicilian"}}}}}}}}}}}}}}}}}}, "e6": {"_": {"eco": "C00", "name": "French"}, "c4": {"_": {"eco": "C00", "name": "French"}}, "b3": {"_": {"eco": "C00", "name": "French"}}, "e5": {"_": {"eco": "C00", "name": "French"}}, "f4": {"_": {"eco": "C00", "name": "French"}}, "Nf3": {"_": {"eco": "C00", "name": "French"}, "d5": {"e5": {"c5": {"b4": {"_": {"eco": "C00", "name": "French"}}}}}}, "Nc3": {"_": {"eco": "C00", "name": "French"}, "d5": {"f4": {"_": {"eco": "C00", "name": "French"}}, "Nf3": {"_": {"eco": "C00", "name": "French"}}}}, "Qe2": {"_": {"eco": "C00", "name": "French"}}, "d3": {"_": {"eco": "C00", "name": "French"}, "d5": {"Nd2": {"Nf6": {"Ngf3": {"Nc6": {"Be2": {"_": {"eco": "C00", "name": "French"}}}}}}}}, "d4": {"_": {"eco": "C00", "name": "French"}, "a6": {"_": {"eco": "C00", "name": "French"}}, "d5": {"_": {"eco": "C00", "name": "French"}, "Bd3": {"_": {"eco": "C00", "name": "French"}}, "Be3": {"_": {"eco": "C00", "name": "French"}}, "exd5": {"_": {"eco": "C01", "name": "French"}, "exd5": {"Nc3": {"Nf6": {"Bg5": {"_": {"eco": "C01", "name": "French"}, "Nc6": {"_": {"eco": "C01", "name": "French"}}}}}}}, "e5": {"_": {"eco": "C02", "name": "French"}, "c5": {"dxc5": {"_": {"eco": "C02", "name": "French"}}, "Qg4": {"_": {"eco": "C02", "name": "French"}}, "Nf3": {"_": {"eco": "C02", "name": "French"}}, "c3": {"_": {"eco": "C02", "name": "French"}, "Qb6": {"Nf3": {"Bd7": {"_": {"eco": "C02", "name": "French"}}}}, "Nc6": {"_": {"eco": "C02", "name": "French"}, "Nf3": {"_": {"eco": "C02", "name": "French"}, "Qb6": {"Bd3": {"_": {"eco": "C02", "name": "French"}}}, "Bd7": {"_": {"eco": "C02", "name": "French"}}}}}}}, "Nd2": {"_": {"eco": "C03", "name": "French"}, "f5": {"_": {"eco": "C03", "name": "French"}}, "Nc6": {"_": {"eco": "C03", "name": "French"}, "Ngf3": {"Nf6": {"_": {"eco": "C04", "name": "French"}}}}, "Nf6": {"_": {"eco": "C05", "name": "French"}, "e5": {"Nfd7": {"Bd3": {"c5": {"c3": {"b6": {"_": {"eco": "C05", "name": "French"}}, "Nc6": {"Ne2": {"cxd4": {"cxd4": {"_": {"eco": "C06", "name": "French"}}}}}}}}}}}, "c5": {"_": {"eco": "C07", "name": "French"}, "exd5": {"Qxd5": {"Ngf3": {"cxd4": {"Bc4": {"Qd8": {"_": {"eco": "C07", "name": "French"}}}}}}, "exd5": {"_": {"eco": "C08", "name": "French"}, "Ngf3": {"Nc6": {"_": {"eco": "C09", "name": "French"}}}}}}}, "Nc3": {"_": {"eco": "C10", "name": "French"}, "c5": {"_": {"eco": "C10", "name": "French"}}, "dxe4": {"_": {"eco": "C10", "name": "French"}, "Nxe4": {"Bd7": {"Nf3": {"Bc6": {"_": {"eco": "C10", "name": "French"}}}}, "Nd7": {"_": {"eco": "C10", "name": "French"}, "Nf3": {"Ngf6": {"Nxf6": {"Nxf6": {"Ne5": {"_": {"eco": "C10", "name": "French"}}}}}}}, "Qd5": {"_": {"eco": "C10", "name": "French"}}}}, "Nf6": {"_": {"eco": "C11", "name": "French"}, "Bd3": {"_": {"eco": "C11", "name": "French"}}, "Be3": {"_": {"eco": "C11", "name": "French"}}, "e5": {"_": {"eco": "C11", "name": "French"}, "Nfd7": {"f4": {"c5": {"dxc5": {"Bxc5": {"Qg4": {"_": {"eco": "C11", "name": "French"}}}}}}, "Qg4": {"_": {"eco": "C11", "name": "French"}}}}, "Bg5": {"dxe4": {"_": {"eco": "C11", "name": "French"}}, "Bb4": {"_": {"eco": "C12", "name": "French"}, "exd5": {"Qxd5": {"Bxf6": {"gxf6": {"Qd2": {"Qa5": {"_": {"eco": "C12", "name": "French"}}}}}}}, "e5": {"_": {"eco": "C12", "name": "French"}, "h6": {"exf6": {"_": {"eco": "C12", "name": "French"}}}}}, "Be7": {"_": {"eco": "C13", "name": "French"}, "Bxf6": {"_": {"eco": "C13", "name": "French"}, "Bxf6": {"e5": {"Be7": {"Qg4": {"_": {"eco": "C13", "name": "French"}}}}}}, "e5": {"Ng8": {"_": {"eco": "C13", "name": "French"}}, "Ne4": {"_": {"eco": "C13", "name": "French"}}, "Nfd7": {"h4": {"_": {"eco": "C13", "name": "French"}}, "Bxe7": {"Qxe7": {"_": {"eco": "C14", "name": "French"}}}}}}}}, "Bb4": {"_": {"eco": "C15", "name": "French"}, "Bd3": {"c5": {"exd5": {"Qxd5": {"Bd2": {"_": {"eco": "C15", "name": "French"}}}}}}, "Bd2": {"_": {"eco": "C15", "name": "French"}}, "Ne2": {"_": {"eco": "C15", "name": "French"}, "dxe4": {"a3": {"Be7": {"Nxe4": {"Nf6": {"N2g3": {"O-O": {"Be2": {"Nc6": {"_": {"eco": "C15", "name": "French"}}}}}}}}, "Bxc3": {"_": {"eco": "C15", "name": "French"}}}}}, "e5": {"_": {"eco": "C16", "name": "French"}, "Qd7": {"_": {"eco": "C16", "name": "French"}}, "c5": {"_": {"eco": "C17", "name": "French"}, "Bd2": {"_": {"eco": "C17", "name": "French"}}, "Qg4": {"_": {"eco": "C17", "name": "French"}}, "a3": {"_": {"eco": "C17", "name": "French"}, "cxd4": {"axb4": {"dxc3": {"Nf3": {"_": {"eco": "C17", "name": "French"}}}}}, "Bxc3": {"bxc3": {"_": {"eco": "C18", "name": "French"}, "Ne7": {"_": {"eco": "C19", "name": "French"}}}}}}}}}}, "d6": {"_": {"eco": "C00", "name": "Lengfellner system"}}}}, "e5": {"Ne2": {"_": {"eco": "C20", "name": "Alapin's opening"}}, "_": {"eco": "C20", "name": "King's pawn game"}, "d3": {"_": {"eco": "C20", "name": "King's pawn game"}}, "a3": {"_": {"eco": "C20", "name": "King's pawn game"}}, "f3": {"_": {"eco": "C20", "name": "King's pawn game"}}, "Qh5": {"_": {"eco": "C20", "name": "King's pawn game"}}, "Qf3": {"_": {"eco": "C20", "name": "King's pawn game"}}, "c3": {"_": {"eco": "C20", "name": "King's pawn game"}}, "d4": {"exd4": {"_": {"eco": "C21", "name": "Center game"}, "Nf3": {"c5": {"Bc4": {"b5": {"_": {"eco": "C21", "name": "Center game"}}}}}, "f4": {"_": {"eco": "C21", "name": "Center game"}}, "Qxd4": {"_": {"eco": "C21", "name": "Center game"}, "Nc6": {"_": {"eco": "C22", "name": "Center game"}, "Qe3": {"_": {"eco": "C22", "name": "Center game"}, "Bb4": {"c3": {"Be7": {"_": {"eco": "C22", "name": "Center game"}}}}, "f5": {"_": {"eco": "C22", "name": "Center game"}}, "Nf6": {"_": {"eco": "C22", "name": "Center game"}, "Nc3": {"Bb4": {"Bd2": {"O-O": {"O-O-O": {"Re8": {"Bc4": {"d6": {"Nh3": {"_": {"eco": "C22", "name": "Center game"}}}}}}}}}}}}, "Qc4": {"_": {"eco": "C22", "name": "Center game"}}}}, "c3": {"_": {"eco": "C21", "name": "Danish gambit"}, "dxc3": {"Bc4": {"cxb2": {"Bxb2": {"Qe7": {"_": {"eco": "C21", "name": "Danish gambit"}}, "d5": {"_": {"eco": "C21", "name": "Danish gambit"}}}}}}, "d5": {"_": {"eco": "C21", "name": "Danish gambit"}}}}}, "Bc4": {"_": {"eco": "C23", "name": "Bishop's opening"}, "c6": {"_": {"eco": "C23", "name": "Bishop's opening"}, "d4": {"d5": {"exd5": {"cxd5": {"Bb5": {"Bd7": {"Bxd7": {"Nxd7": {"dxe5": {"Nxe5": {"Ne2": {"_": {"eco": "C23", "name": "Bishop's opening"}}}}}}}}}}}}}, "f5": {"_": {"eco": "C23", "name": "Bishop's opening"}, "d3": {"_": {"eco": "C23", "name": "Bishop's opening"}}}, "Bc5": {"_": {"eco": "C23", "name": "Bishop's opening"}, "Qe2": {"Nc6": {"c3": {"Nf6": {"f4": {"_": {"eco": "C23", "name": "Bishop's opening"}}}}}}, "c3": {"_": {"eco": "C23", "name": "Bishop's opening"}, "Nf6": {"d4": {"exd4": {"e5": {"d5": {"exf6": {"dxc4": {"Qh5": {"O-O": {"_": {"eco": "C23", "name": "Bishop's opening"}}}}}}}}}}, "d5": {"_": {"eco": "C23", "name": "Bishop's opening"}}, "Qg5": {"_": {"eco": "C23", "name": "Bishop's opening"}}}, "d4": {"_": {"eco": "C23", "name": "Bishop's opening"}}, "b4": {"_": {"eco": "C23", "name": "Bishop's opening"}, "Bxb4": {"f4": {"_": {"eco": "C23", "name": "Bishop's opening"}, "exf4": {"Nf3": {"Be7": {"d4": {"Bh4": {"g3": {"fxg3": {"O-O": {"gxh2": {"Kh1": {"_": {"eco": "C23", "name": "Bishop's opening"}}}}}}}}}}}}}}}, "Nf6": {"_": {"eco": "C24", "name": "Bishop's opening"}, "f4": {"_": {"eco": "C24", "name": "Bishop's opening"}}, "d4": {"_": {"eco": "C24", "name": "Bishop's opening"}, "exd4": {"Nf3": {"_": {"eco": "C24", "name": "Bishop's opening"}, "d5": {"exd5": {"Bb4": {"c3": {"Qe7": {"_": {"eco": "C24", "name": "Bishop's opening"}}}}}}}}}}}, "Nc3": {"_": {"eco": "C25", "name": "Vienna"}, "Bb4": {"Qg4": {"Nf6": {"_": {"eco": "C25", "name": "Vienna"}}}}, "Nc6": {"_": {"eco": "C25", "name": "Vienna"}, "g3": {"_": {"eco": "C25", "name": "Vienna"}}, "d4": {"_": {"eco": "C25", "name": "Vienna"}}, "f4": {"exf4": {"d4": {"_": {"eco": "C25", "name": "Vienna"}, "Qh4": {"Ke2": {"d5": {"_": {"eco": "C25", "name": "Vienna"}}, "b6": {"_": {"eco": "C25", "name": "Vienna"}}}}}, "Nf3": {"g5": {"h4": {"g4": {"Ng5": {"_": {"eco": "C25", "name": "Vienna"}}}}, "Bc4": {"g4": {"O-O": {"_": {"eco": "C25", "name": "Vienna"}}}}, "d4": {"_": {"eco": "C25", "name": "Vienna"}, "g4": {"Bc4": {"gxf3": {"O-O": {"d5": {"exd5": {"Bg4": {"dxc6": {"_": {"eco": "C25", "name": "Vienna"}}}}}}}}}}}, "_": {"eco": "C25", "name": "Vienna gambit"}}}, "_": {"eco": "C25", "name": "Vienna gambit"}}}, "Nf6": {"_": {"eco": "C26", "name": "Vienna"}, "a3": {"_": {"eco": "C26", "name": "Vienna"}}, "g3": {"_": {"eco": "C26", "name": "Vienna"}}, "Bc4": {"_": {"eco": "C26", "name": "Vienna"}, "Nxe4": {"Nf3": {"_": {"eco": "C27", "name": "Boden-Kieseritsky gambit"}, "d5": {"_": {"eco": "C27", "name": "Boden-Kieseritsky gambit"}}}, "_": {"eco": "C27", "name": "Vienna"}, "Qh5": {"Nd6": {"Bb3": {"Nc6": {"Nb5": {"g6": {"Qf3": {"f5": {"Qd5": {"Qe7": {"Nxc7": {"Kd8": {"Nxa8": {"b6": {"_": {"eco": "C27", "name": "Vienna"}}}}}}}}}}}}, "Be7": {"_": {"eco": "C27", "name": "Vienna"}}}}}}, "Nc6": {"_": {"eco": "C28", "name": "Vienna"}}}, "f4": {"d5": {"_": {"eco": "C29", "name": "Vienna gambit"}, "fxe5": {"Nxe4": {"Nf3": {"Bg4": {"Qe2": {"_": {"eco": "C29", "name": "Vienna gambit"}}}, "Be7": {"_": {"eco": "C29", "name": "Vienna gambit"}}}, "Qf3": {"_": {"eco": "C29", "name": "Vienna gambit"}, "f5": {"_": {"eco": "C29", "name": "Vienna gambit"}}}, "d3": {"_": {"eco": "C29", "name": "Vienna gambit"}, "Qh4": {"g3": {"Nxg3": {"Nf3": {"Qh5": {"Nxd5": {"_": {"eco": "C29", "name": "Vienna gambit, Wurzburger trap"}}}}}}}}}}, "d3": {"_": {"eco": "C29", "name": "Vienna gambit"}}}}}}, "f4": {"Qh4": {"g3": {"Qe7": {"_": {"eco": "C30", "name": "King's Gambit Declined"}}}}, "c5": {"_": {"eco": "C30", "name": "King's Gambit Declined"}}, "Qf6": {"_": {"eco": "C30", "name": "King's Gambit Declined"}, "Nf3": {"Qxf4": {"Nc3": {"Bb4": {"Bc4": {"_": {"eco": "C30", "name": "King's Gambit Declined"}}}}}}}, "Bc5": {"_": {"eco": "C30", "name": "King's Gambit Declined"}, "Nf3": {"d6": {"Nc3": {"Nf6": {"Bc4": {"Nc6": {"d3": {"Bg4": {"h3": {"Bxf3": {"Qxf3": {"exf4": {"_": {"eco": "C30", "name": "King's Gambit Declined"}}}}}}}}}}, "Nd7": {"_": {"eco": "C30", "name": "King's Gambit Declined"}}}, "c3": {"_": {"eco": "C30", "name": "King's Gambit Declined"}, "Bg4": {"fxe5": {"dxe5": {"Qa4": {"_": {"eco": "C30", "name": "King's Gambit Declined"}}}}}, "f5": {"_": {"eco": "C30", "name": "King's Gambit Declined"}, "fxe5": {"dxe5": {"d4": {"exd4": {"Bc4": {"_": {"eco": "C30", "name": "King's Gambit Declined"}}}}}}}}, "fxe5": {"_": {"eco": "C30", "name": "King's Gambit Declined"}}, "b4": {"_": {"eco": "C30", "name": "King's Gambit Declined"}}}}}, "Nf6": {"_": {"eco": "C30", "name": "King's Gambit Declined"}}, "_": {"eco": "C30", "name": "King's gambit"}, "d5": {"_": {"eco": "C31", "name": "King's Gambit Declined"}, "Nf3": {"_": {"eco": "C31", "name": "King's Gambit Declined"}}, "Nc3": {"_": {"eco": "C31", "name": "King's Gambit Declined"}}, "exd5": {"_": {"eco": "C31", "name": "King's Gambit Declined"}, "c6": {"_": {"eco": "C31", "name": "King's Gambit Declined"}}, "e4": {"_": {"eco": "C31", "name": "King's Gambit Declined"}, "Nc3": {"Nf6": {"Qe2": {"_": {"eco": "C31", "name": "King's Gambit Declined"}}}}, "Bb5": {"_": {"eco": "C31", "name": "King's Gambit Declined"}}, "d3": {"_": {"eco": "C31", "name": "King's Gambit Declined"}, "Nf6": {"Nc3": {"Bb4": {"Bd2": {"e3": {"_": {"eco": "C31", "name": "King's Gambit Declined"}}}}}, "dxe4": {"_": {"eco": "C32", "name": "King's Gambit Declined"}, "Nxe4": {"Nf3": {"Bc5": {"Qe2": {"Bf2": {"Kd1": {"Qxd5": {"Nfd2": {"_": {"eco": "C32", "name": "King's Gambit Declined"}}}}}}}}}}, "Nd2": {"_": {"eco": "C32", "name": "King's Gambit Declined"}}, "Qe2": {"_": {"eco": "C32", "name": "King's Gambit Declined"}}}}}}}, "exf4": {"_": {"eco": "C33", "name": "King's Gambit Accepted"}, "Kf2": {"_": {"eco": "C33", "name": "King's Gambit Accepted"}}, "b3": {"_": {"eco": "C33", "name": "King's Gambit Accepted"}}, "h4": {"_": {"eco": "C33", "name": "King's Gambit Accepted"}}, "Bd3": {"_": {"eco": "C33", "name": "King's Gambit Accepted"}}, "Qe2": {"_": {"eco": "C33", "name": "King's Gambit Accepted"}}, "d4": {"_": {"eco": "C33", "name": "King's Gambit Accepted"}}, "Nc3": {"_": {"eco": "C33", "name": "King's Gambit Accepted"}}, "Qf3": {"_": {"eco": "C33", "name": "King's Gambit Accepted"}}, "Be2": {"_": {"eco": "C33", "name": "King's Gambit Accepted"}}, "Bc4": {"_": {"eco": "C33", "name": "King's Gambit Accepted"}, "Qh4": {"Kf1": {"d5": {"Bxd5": {"g5": {"g3": {"_": {"eco": "C33", "name": "King's Gambit Accepted"}}}}}, "Bc5": {"_": {"eco": "C33", "name": "King's Gambit Accepted"}}, "g5": {"_": {"eco": "C33", "name": "King's Gambit Accepted"}, "Nc3": {"Bg7": {"d4": {"d6": {"e5": {"_": {"eco": "C33", "name": "King's Gambit Accepted"}}}}}}, "Qf3": {"_": {"eco": "C33", "name": "King's Gambit Accepted"}}}, "Nc6": {"_": {"eco": "C33", "name": "King's Gambit Accepted"}}, "b5": {"_": {"eco": "C33", "name": "King's Gambit Accepted"}}}}, "b5": {"_": {"eco": "C33", "name": "King's Gambit Accepted"}}, "Ne7": {"_": {"eco": "C33", "name": "King's Gambit Accepted"}}, "Nc6": {"_": {"eco": "C33", "name": "King's Gambit Accepted"}}, "c6": {"_": {"eco": "C33", "name": "King's Gambit Accepted"}}, "f5": {"_": {"eco": "C33", "name": "King's Gambit Accepted"}, "Qe2": {"Qh4": {"Kd1": {"fxe4": {"Nc3": {"Kd8": {"_": {"eco": "C33", "name": "King's Gambit Accepted"}}}}}}}}, "d5": {"_": {"eco": "C33", "name": "King's Gambit Accepted"}, "Bxd5": {"Qh4": {"Kf1": {"g5": {"g3": {"_": {"eco": "C33", "name": "King's Gambit Accepted"}}}, "Bd6": {"_": {"eco": "C33", "name": "King's Gambit Accepted"}}}}, "c6": {"_": {"eco": "C33", "name": "King's Gambit Accepted"}}, "Nf6": {"_": {"eco": "C33", "name": "King's Gambit Accepted"}}}}, "Nf6": {"_": {"eco": "C33", "name": "King's Gambit Accepted"}, "Nc3": {"_": {"eco": "C33", "name": "King's Gambit Accepted"}, "Bb4": {"e5": {"_": {"eco": "C33", "name": "King's Gambit Accepted"}}}, "c6": {"_": {"eco": "C33", "name": "King's Gambit Accepted"}}}}}, "Nf3": {"Ne7": {"_": {"eco": "C34", "name": "King's Gambit Accepted"}}, "f5": {"_": {"eco": "C34", "name": "King's Gambit Accepted"}}, "d6": {"_": {"eco": "C34", "name": "King's Gambit Accepted"}}, "h6": {"_": {"eco": "C34", "name": "King's Gambit Accepted"}}, "Nf6": {"_": {"eco": "C34", "name": "King's Gambit Accepted"}}, "_": {"eco": "C34", "name": "King's knight's gambit"}, "Be7": {"_": {"eco": "C35", "name": "King's Gambit Accepted"}, "Bc4": {"Bh4": {"g3": {"_": {"eco": "C35", "name": "King's Gambit Accepted"}, "fxg3": {"O-O": {"gxh2": {"Kh1": {"_": {"eco": "C35", "name": "King's Gambit Accepted"}}}}}}}, "Nf6": {"_": {"eco": "C35", "name": "King's Gambit Accepted"}}}}, "d5": {"_": {"eco": "C36", "name": "King's Gambit Accepted"}, "exd5": {"Nf6": {"_": {"eco": "C36", "name": "King's Gambit Accepted"}, "Bb5": {"c6": {"dxc6": {"bxc6": {"Bc4": {"Nd5": {"_": {"eco": "C36", "name": "King's Gambit Accepted"}}}}}}}}}}, "g5": {"Nc3": {"_": {"eco": "C37", "name": "King's Gambit Accepted"}}, "d4": {"_": {"eco": "C37", "name": "King's Gambit Accepted"}, "g4": {"Ne5": {"_": {"eco": "C37", "name": "King's Gambit Accepted"}}}}, "Bc4": {"_": {"eco": "C37", "name": "King's Gambit Accepted"}, "Nc6": {"_": {"eco": "C37", "name": "King's Gambit Accepted"}}, "g4": {"Bxf7": {"_": {"eco": "C37", "name": "King's Gambit Accepted"}, "Kxf7": {"O-O": {"gxf3": {"Qxf3": {"Qf6": {"d4": {"Qxd4": {"Be3": {"Qf6": {"Nc3": {"_": {"eco": "C37", "name": "King's Gambit Accepted"}}}}}}}}}}}}, "d4": {"_": {"eco": "C37", "name": "King's Gambit Accepted"}}, "Nc3": {"_": {"eco": "C37", "name": "King's Gambit Accepted"}}, "Ne5": {"_": {"eco": "C37", "name": "King's Gambit Accepted"}, "Qh4": {"Kf1": {"Nh6": {"d4": {"f3": {"_": {"eco": "C37", "name": "King's Gambit Accepted"}}}}}}}, "O-O": {"_": {"eco": "C37", "name": "King's Gambit Accepted"}, "gxf3": {"Qxf3": {"Qf6": {"e5": {"Qxe5": {"d3": {"Bh6": {"Nc3": {"Ne7": {"Bd2": {"Nbc6": {"Rae1": {"_": {"eco": "C37", "name": "King's Gambit Accepted"}}}}}}}}}}}}}, "Qe7": {"_": {"eco": "C37", "name": "King's Gambit Accepted"}}, "d5": {"_": {"eco": "C37", "name": "King's Gambit Accepted"}}}}, "Bg7": {"O-O": {"_": {"eco": "C38", "name": "King's Gambit Accepted"}}, "h4": {"_": {"eco": "C38", "name": "King's Gambit Accepted"}, "h6": {"d4": {"d6": {"Nc3": {"c6": {"hxg5": {"hxg5": {"Rxh8": {"Bxh8": {"Ne5": {"_": {"eco": "C38", "name": "King's Gambit Accepted"}}}}}}}}}}}}, "_": {"eco": "C38", "name": "King's knight's gambit"}}}, "h4": {"g4": {"Ng5": {"_": {"eco": "C39", "name": "King's Gambit Accepted"}, "h6": {"Nxf7": {"Kxf7": {"Qxg4": {"Nf6": {"Qxf4": {"Bd6": {"_": {"eco": "C39", "name": "King's Gambit Accepted"}}}}}}}}, "Nf6": {"_": {"eco": "C39", "name": "King's Gambit Accepted"}}}, "Ne5": {"Bg7": {"_": {"eco": "C39", "name": "King's Gambit Accepted"}}, "h5": {"_": {"eco": "C39", "name": "King's Gambit Accepted"}}, "d5": {"_": {"eco": "C39", "name": "King's Gambit Accepted"}}, "Qe7": {"_": {"eco": "C39", "name": "King's Gambit Accepted"}}, "Be7": {"_": {"eco": "C39", "name": "King's Gambit Accepted"}}, "Nc6": {"_": {"eco": "C39", "name": "King's Gambit Accepted"}}, "d6": {"_": {"eco": "C39", "name": "King's Gambit Accepted"}}, "Nf6": {"_": {"eco": "C39", "name": "King's Gambit Accepted"}}}}, "_": {"eco": "C39", "name": "King's knight's gambit"}}}}}}, "Nf3": {"_": {"eco": "C40", "name": "King's knight"}, "Qe7": {"_": {"eco": "C40", "name": "King's knight"}}, "Qf6": {"_": {"eco": "C40", "name": "King's knight"}}, "f6": {"_": {"eco": "C40", "name": "King's knight"}}, "d5": {"_": {"eco": "C40", "name": "King's knight"}, "exd5": {"Bd6": {"_": {"eco": "C40", "name": "King's knight"}}}}, "f5": {"_": {"eco": "C40", "name": "Latvian"}, "Nxe5": {"Qf6": {"d4": {"d6": {"Nc4": {"fxe4": {"Ne3": {"_": {"eco": "C40", "name": "Latvian"}}}}}}}, "Nc6": {"_": {"eco": "C40", "name": "Latvian"}}}, "Bc4": {"_": {"eco": "C40", "name": "Latvian"}, "fxe4": {"Nxe5": {"Qg5": {"Nf7": {"Qxg2": {"Rf1": {"d5": {"Nxh8": {"Nf6": {"_": {"eco": "C40", "name": "Latvian"}}}}}}}}, "d5": {"_": {"eco": "C40", "name": "Latvian"}}, "Nf6": {"_": {"eco": "C40", "name": "Latvian"}}}}}}, "d6": {"_": {"eco": "C41", "name": "Philidor"}, "Bc4": {"Be7": {"c3": {"_": {"eco": "C41", "name": "Philidor"}}}, "f5": {"_": {"eco": "C41", "name": "Philidor"}, "d4": {"exd4": {"Ng5": {"Nh6": {"Nxh7": {"_": {"eco": "C41", "name": "Philidor"}}}}}}}}, "d4": {"_": {"eco": "C41", "name": "Philidor"}, "f5": {"_": {"eco": "C41", "name": "Philidor"}, "dxe5": {"fxe4": {"Ng5": {"d5": {"e6": {"_": {"eco": "C41", "name": "Philidor"}}}}}}, "Nc3": {"_": {"eco": "C41", "name": "Philidor"}}}, "exd4": {"_": {"eco": "C41", "name": "Philidor"}, "Qxd4": {"Bd7": {"_": {"eco": "C41", "name": "Philidor"}}}, "Nxd4": {"_": {"eco": "C41", "name": "Philidor"}, "d5": {"exd5": {"_": {"eco": "C41", "name": "Philidor"}}}, "Nf6": {"_": {"eco": "C41", "name": "Philidor"}, "Nc3": {"Be7": {"Be2": {"O-O": {"O-O": {"c5": {"Nf3": {"Nc6": {"Bg5": {"Be6": {"Re1": {"_": {"eco": "C41", "name": "Philidor"}}}}}}}}}}}}}, "g6": {"_": {"eco": "C41", "name": "Philidor"}}}}, "Nf6": {"_": {"eco": "C41", "name": "Philidor"}, "Nc3": {"Nbd7": {"_": {"eco": "C41", "name": "Philidor"}, "Bc4": {"Be7": {"O-O": {"O-O": {"Qe2": {"c6": {"a4": {"exd4": {"_": {"eco": "C41", "name": "Philidor"}}}}}}}}}}}, "dxe5": {"_": {"eco": "C41", "name": "Philidor"}, "Nxe4": {"Nbd2": {"_": {"eco": "C41", "name": "Philidor"}}, "Qd5": {"_": {"eco": "C41", "name": "Philidor"}}}}, "Ng5": {"_": {"eco": "C41", "name": "Philidor"}}, "Bc4": {"_": {"eco": "C41", "name": "Philidor"}}}, "Nd7": {"_": {"eco": "C41", "name": "Philidor"}, "Bc4": {"c6": {"O-O": {"_": {"eco": "C41", "name": "Philidor"}, "Be7": {"dxe5": {"_": {"eco": "C41", "name": "Philidor"}}}}, "Ng5": {"_": {"eco": "C41", "name": "Philidor"}, "Nh6": {"f4": {"Be7": {"O-O": {"O-O": {"c3": {"d5": {"_": {"eco": "C41", "name": "Philidor"}}}}}}}}}, "Nc3": {"_": {"eco": "C41", "name": "Philidor"}}, "c3": {"_": {"eco": "C41", "name": "Philidor"}}}}}}}, "Nf6": {"_": {"eco": "C42", "name": "Petrov"}, "Nxe5": {"d6": {"Nf3": {"Nxe4": {"d3": {"_": {"eco": "C42", "name": "Petrov"}}, "c4": {"_": {"eco": "C42", "name": "Petrov"}}, "Nc3": {"_": {"eco": "C42", "name": "Petrov"}}, "Qe2": {"_": {"eco": "C42", "name": "Petrov"}}, "d4": {"_": {"eco": "C42", "name": "Petrov"}, "d5": {"Bd3": {"Be7": {"O-O": {"Nc6": {"Re1": {"_": {"eco": "C42", "name": "Petrov"}}}}}}}, "Nf6": {"_": {"eco": "C42", "name": "Petrov"}}}}}, "Nxf7": {"_": {"eco": "C42", "name": "Petrov"}}, "Nc4": {"_": {"eco": "C42", "name": "Petrov"}}}, "Nxe4": {"_": {"eco": "C42", "name": "Petrov"}}}, "Bc4": {"_": {"eco": "C42", "name": "Petrov"}}, "Nc3": {"_": {"eco": "C42", "name": "Petrov three knights game"}}, "d4": {"_": {"eco": "C43", "name": "Petrov"}, "exd4": {"e5": {"Ne4": {"Qxd4": {"_": {"eco": "C43", "name": "Petrov"}}, "Qe2": {"_": {"eco": "C43", "name": "Petrov"}, "Nc5": {"Nxd4": {"Nc6": {"_": {"eco": "C43", "name": "Petrov"}}}}}}}, "Bc4": {"_": {"eco": "C43", "name": "Petrov"}}}, "Nxe4": {"_": {"eco": "C43", "name": "Petrov"}, "Bd3": {"d5": {"Nxe5": {"Bd6": {"O-O": {"O-O": {"c4": {"Bxe5": {"_": {"eco": "C43", "name": "Petrov"}}}}}}}}}}}}, "Nc6": {"c4": {"_": {"eco": "C44", "name": "Dresden opening"}}, "Be2": {"Nf6": {"d3": {"d5": {"Nbd2": {"_": {"eco": "C44", "name": "Inverted Hanham"}}}}, "d4": {"_": {"eco": "C44", "name": "Tayler opening"}}}, "_": {"eco": "C44", "name": "Inverted Hungarian"}}, "Nxe5": {"Nxe5": {"d4": {"_": {"eco": "C44", "name": "Irish (Chicago) gambit"}}}}, "_": {"eco": "C44", "name": "King's pawn game"}, "g3": {"_": {"eco": "C44", "name": "Konstantinopolsky opening"}}, "c3": {"_": {"eco": "C44", "name": "Ponziani"}, "d5": {"Qa4": {"Bd7": {"_": {"eco": "C44", "name": "Ponziani"}}, "Nf6": {"_": {"eco": "C44", "name": "Ponziani"}}, "f6": {"_": {"eco": "C44", "name": "Ponziani"}}}}, "Nf6": {"_": {"eco": "C44", "name": "Ponziani"}, "d4": {"Nxe4": {"d5": {"Bc5": {"_": {"eco": "C44", "name": "Ponziani"}}}}}}, "Nge7": {"_": {"eco": "C44", "name": "Ponziani"}}, "Be7": {"_": {"eco": "C44", "name": "Ponziani"}}, "f5": {"_": {"eco": "C44", "name": "Ponziani counter-gambit"}, "d4": {"d6": {"d5": {"fxe4": {"Ng5": {"Nb8": {"Nxe4": {"Nf6": {"Bd3": {"Be7": {"_": {"eco": "C44", "name": "Ponziani counter-gambit"}}}}}}}}, "_": {"eco": "C44", "name": "Ponziani counter-gambit, Schmidt attack"}}}}}}, "d4": {"_": {"eco": "C44", "name": "Scotch"}, "Nxd4": {"_": {"eco": "C44", "name": "Scotch"}, "Nxe5": {"Ne6": {"Bc4": {"c6": {"O-O": {"Nf6": {"Nxf7": {"_": {"eco": "C44", "name": "Scotch"}}}}}}}}}, "exd4": {"Bb5": {"_": {"eco": "C44", "name": "Scotch"}}, "c3": {"_": {"eco": "C44", "name": "Scotch"}, "dxc3": {"Nxc3": {"d6": {"Bc4": {"Bg4": {"O-O": {"Ne5": {"Nxe5": {"Bxd1": {"Bxf7": {"Ke7": {"Nd5": {"_": {"eco": "C44", "name": "Scotch"}}}}}}}}}}}, "Bb4": {"_": {"eco": "C44", "name": "Scotch"}}}}}, "Bc4": {"_": {"eco": "C44", "name": "Scotch gambit"}, "Bc5": {"O-O": {"d6": {"c3": {"Bg4": {"_": {"eco": "C44", "name": "Scotch gambit"}}}}}, "Ng5": {"_": {"eco": "C44", "name": "Scotch gambit"}, "Nh6": {"Nxf7": {"Nxf7": {"Bxf7": {"Kxf7": {"Qh5": {"g6": {"Qxc5": {"d5": {"_": {"eco": "C44", "name": "Scotch gambit"}}}}}}}}}}}}, "Bb4": {"_": {"eco": "C44", "name": "Scotch gambit"}, "c3": {"dxc3": {"O-O": {"cxb2": {"Bxb2": {"Nf6": {"Ng5": {"O-O": {"e5": {"Nxe5": {"_": {"eco": "C44", "name": "Scotch gambit"}}}}}}}}}}}}, "Be7": {"_": {"eco": "C44", "name": "Scotch gambit"}}, "Nf6": {"_": {"eco": "C44", "name": "Scotch gambit"}}}, "Nxd4": {"Nxd4": {"Qxd4": {"d6": {"Bd3": {"_": {"eco": "C45", "name": "Scotch"}}}}}, "Qh4": {"_": {"eco": "C45", "name": "Scotch"}, "Nb5": {"_": {"eco": "C45", "name": "Scotch"}, "Bb4": {"Nd2": {"Qxe4": {"Be2": {"Qxg2": {"Bf3": {"Qh3": {"Nxc7": {"Kd8": {"Nxa8": {"Nf6": {"a3": {"_": {"eco": "C45", "name": "Scotch"}}}}}}}}}}}}, "Bd2": {"_": {"eco": "C45", "name": "Scotch game"}}}}, "Nf3": {"_": {"eco": "C45", "name": "Scotch"}}, "Nc3": {"_": {"eco": "C45", "name": "Scotch"}}}, "Nf6": {"_": {"eco": "C45", "name": "Scotch"}, "Nxc6": {"bxc6": {"e5": {"_": {"eco": "C45", "name": "Scotch"}}}}}, "Bc5": {"Be3": {"Qf6": {"c3": {"Nge7": {"Qd2": {"_": {"eco": "C45", "name": "Scotch"}}}}}}, "Nb3": {"_": {"eco": "C45", "name": "Scotch"}, "Bb4": {"_": {"eco": "C45", "name": "Scotch"}}}, "_": {"eco": "C45", "name": "Scotch game"}}, "_": {"eco": "C45", "name": "Scotch game"}}}}, "Nc3": {"Nf6": {"_": {"eco": "C46", "name": "Four knights"}, "Nxe5": {"_": {"eco": "C46", "name": "Four knights"}}, "Bc4": {"_": {"eco": "C46", "name": "Four knights"}}, "a3": {"_": {"eco": "C46", "name": "Four knights"}}, "d4": {"_": {"eco": "C47", "name": "Four knights"}, "Bb4": {"Nxe5": {"_": {"eco": "C47", "name": "Four knights"}}}, "exd4": {"_": {"eco": "C47", "name": "Four knights"}, "Nd5": {"_": {"eco": "C47", "name": "Four knights"}}}}, "Bb5": {"_": {"eco": "C48", "name": "Four knights"}, "a6": {"Bxc6": {"_": {"eco": "C48", "name": "Four knights"}, "dxc6": {"Nxe5": {"Nxe4": {"Nxe4": {"Qd4": {"O-O": {"Qxe5": {"Re1": {"Be6": {"d4": {"Qd5": {"_": {"eco": "C48", "name": "Four knights"}}}}}}}}}}}}}}, "Bc5": {"_": {"eco": "C48", "name": "Four knights"}, "O-O": {"O-O": {"Nxe5": {"Nxe5": {"d4": {"Bd6": {"f4": {"Nc6": {"e5": {"Bb4": {"_": {"eco": "C48", "name": "Four knights"}}}}}}}}}}}}, "Nd4": {"_": {"eco": "C48", "name": "Four knights"}, "Nxe5": {"Qe7": {"f4": {"_": {"eco": "C48", "name": "Four knights"}}}}, "Be2": {"_": {"eco": "C48", "name": "Four knights"}, "Nxf3": {"Bxf3": {"Bc5": {"O-O": {"O-O": {"d3": {"d6": {"Na4": {"Bb6": {"_": {"eco": "C48", "name": "Four knights"}}}}}}}}}}}, "Nxd4": {"_": {"eco": "C48", "name": "Four knights"}}, "O-O": {"_": {"eco": "C48", "name": "Four knights"}}}, "Bb4": {"_": {"eco": "C49", "name": "Four knights"}, "O-O": {"O-O": {"Nd5": {"Nxd5": {"exd5": {"e4": {"_": {"eco": "C49", "name": "Four knights"}}}}}}}}}}, "_": {"eco": "C46", "name": "Three knights"}, "Bb4": {"Nd5": {"Nf6": {"_": {"eco": "C46", "name": "Three knights"}}}}, "f5": {"_": {"eco": "C46", "name": "Three knights"}}, "g6": {"_": {"eco": "C46", "name": "Three knights"}, "d4": {"exd4": {"Nd5": {"_": {"eco": "C46", "name": "Three knights"}}}}}}, "Bc4": {"Nd4": {"Nxe5": {"Qg5": {"Nxf7": {"Qxg2": {"Rf1": {"Qxe4": {"Be2": {"Nf3": {"_": {"eco": "C50", "name": "Blackburne shilling gambit"}}}}}}}}}}, "Bc5": {"d3": {"_": {"eco": "C50", "name": "Giuoco Pianissimo"}, "f5": {"Ng5": {"f4": {"_": {"eco": "C50", "name": "Giuoco Pianissimo"}}}}, "Nf6": {"_": {"eco": "C50", "name": "Giuoco Pianissimo"}, "Nc3": {"_": {"eco": "C50", "name": "Giuoco Pianissimo"}, "d6": {"Bg5": {"_": {"eco": "C50", "name": "Giuoco Pianissimo"}}}}}}, "_": {"eco": "C50", "name": "Giuoco Piano"}, "Nc3": {"Nf6": {"_": {"eco": "C50", "name": "Giuoco Piano"}}}, "Bxf7": {"_": {"eco": "C50", "name": "Giuoco Piano"}}, "b4": {"Bxb4": {"_": {"eco": "C51", "name": "Evans gambit"}, "c3": {"Bc5": {"d4": {"exd4": {"O-O": {"d6": {"cxd4": {"Bb6": {"_": {"eco": "C51", "name": "Evans gambit"}}}}}}}}, "Bd6": {"_": {"eco": "C51", "name": "Evans gambit"}}, "Bf8": {"_": {"eco": "C51", "name": "Evans gambit"}}, "Be7": {"_": {"eco": "C51", "name": "Evans gambit"}}, "Ba5": {"_": {"eco": "C52", "name": "Evans gambit"}}}}, "_": {"eco": "C51", "name": "Evans gambit declined"}, "Bb6": {"b5": {"Na5": {"Nxe5": {"Nh6": {"_": {"eco": "C51", "name": "Evans gambit declined"}}}}}, "a4": {"_": {"eco": "C51", "name": "Evans gambit declined"}, "a6": {"Nc3": {"_": {"eco": "C51", "name": "Evans gambit declined"}}}}, "Bb2": {"_": {"eco": "C51", "name": "Evans gambit declined"}}}, "d5": {"_": {"eco": "C51", "name": "Evans gambit declined"}}}, "c3": {"_": {"eco": "C53", "name": "Giuoco Piano"}, "d6": {"d4": {"exd4": {"cxd4": {"Bb6": {"_": {"eco": "C53", "name": "Giuoco Piano"}}}}}}, "Qe7": {"_": {"eco": "C53", "name": "Giuoco Piano"}, "d4": {"Bb6": {"_": {"eco": "C53", "name": "Giuoco Piano"}}}}, "Nf6": {"_": {"eco": "C53", "name": "Giuoco Piano"}, "b4": {"_": {"eco": "C53", "name": "Giuoco Piano"}}, "d4": {"_": {"eco": "C53", "name": "Giuoco Piano"}, "exd4": {"e5": {"Ne4": {"Bd5": {"Nxf2": {"Kxf2": {"dxc3": {"Kg3": {"_": {"eco": "C53", "name": "Giuoco Piano"}}}}}}}}, "cxd4": {"_": {"eco": "C54", "name": "Giuoco Piano"}}}}}}}, "Be7": {"_": {"eco": "C50", "name": "Hungarian defence"}, "d4": {"exd4": {"c3": {"Nf6": {"e5": {"Ne4": {"_": {"eco": "C50", "name": "Hungarian defence"}}}}}}}}, "_": {"eco": "C50", "name": "King's pawn game"}, "f5": {"_": {"eco": "C50", "name": "Rousseau gambit"}}, "Nf6": {"_": {"eco": "C55", "name": "Two knights defence"}, "O-O": {"Bc5": {"d4": {"Bxd4": {"Nxd4": {"Nxd4": {"Bg5": {"h6": {"Bh4": {"g5": {"f4": {"_": {"eco": "C55", "name": "Two knights defence"}}}}}}}}}}}}, "d3": {"_": {"eco": "C55", "name": "Two knights defence"}}, "d4": {"_": {"eco": "C55", "name": "Two knights defence"}, "exd4": {"e5": {"d5": {"Bb5": {"Ne4": {"Nxd4": {"Bc5": {"Nxc6": {"Bxf2": {"Kf1": {"Qh4": {"_": {"eco": "C55", "name": "Two knights defence"}}}}}}}}}}}, "Ng5": {"_": {"eco": "C55", "name": "Two knights defence"}}, "O-O": {"_": {"eco": "C55", "name": "Two knights defence"}, "Bc5": {"e5": {"_": {"eco": "C55", "name": "Two knights defence"}}}, "Nxe4": {"_": {"eco": "C56", "name": "Two knights defence"}}}}}, "Ng5": {"_": {"eco": "C57", "name": "Two knights defence"}, "Bc5": {"_": {"eco": "C57", "name": "Two knights defence"}}, "d5": {"exd5": {"b5": {"_": {"eco": "C57", "name": "Two knights defence"}}, "Nd4": {"_": {"eco": "C57", "name": "Two knights defence"}}, "Nxd5": {"d4": {"_": {"eco": "C57", "name": "Two knights defence"}}}, "Na5": {"_": {"eco": "C58", "name": "Two knights defence"}, "Bb5": {"c6": {"dxc6": {"bxc6": {"Be2": {"h6": {"_": {"eco": "C59", "name": "Two knights defence"}}}}}}}}}}}}}, "Bb5": {"_": {"eco": "C60", "name": "Ruy Lopez"}, "f6": {"_": {"eco": "C60", "name": "Ruy Lopez"}}, "Na5": {"_": {"eco": "C60", "name": "Ruy Lopez"}}, "Be7": {"_": {"eco": "C60", "name": "Ruy Lopez"}}, "Qe7": {"_": {"eco": "C60", "name": "Ruy Lopez"}}, "g5": {"_": {"eco": "C60", "name": "Ruy Lopez"}}, "g6": {"_": {"eco": "C60", "name": "Ruy Lopez"}}, "Nge7": {"_": {"eco": "C60", "name": "Ruy Lopez"}, "Nc3": {"g6": {"_": {"eco": "C60", "name": "Ruy Lopez"}}}}, "Nd4": {"_": {"eco": "C61", "name": "Ruy Lopez"}, "Nxd4": {"exd4": {"O-O": {"Ne7": {"_": {"eco": "C61", "name": "Ruy Lopez"}}}}}}, "d6": {"_": {"eco": "C62", "name": "Ruy Lopez"}, "d4": {"Bd7": {"Nc3": {"Nf6": {"Bxc6": {"_": {"eco": "C62", "name": "Ruy Lopez"}}}}, "c4": {"_": {"eco": "C62", "name": "Ruy Lopez"}}}}}, "f5": {"_": {"eco": "C63", "name": "Ruy Lopez"}, "Nc3": {"_": {"eco": "C63", "name": "Ruy Lopez"}}}, "Bc5": {"_": {"eco": "C64", "name": "Ruy Lopez"}, "O-O": {"Nd4": {"b4": {"_": {"eco": "C64", "name": "Ruy Lopez"}}}}, "c3": {"_": {"eco": "C64", "name": "Ruy Lopez"}, "Nf6": {"O-O": {"O-O": {"d4": {"Bb6": {"_": {"eco": "C64", "name": "Ruy Lopez"}}}}}}, "Bb6": {"_": {"eco": "C64", "name": "Ruy Lopez"}}, "Qe7": {"_": {"eco": "C64", "name": "Ruy Lopez"}}, "f5": {"_": {"eco": "C64", "name": "Ruy Lopez"}}}}, "Nf6": {"_": {"eco": "C65", "name": "Ruy Lopez"}, "d4": {"exd4": {"O-O": {"_": {"eco": "C65", "name": "Ruy Lopez"}}}}, "d3": {"Ne7": {"_": {"eco": "C65", "name": "Ruy Lopez"}, "Nxe5": {"c6": {"_": {"eco": "C65", "name": "Ruy Lopez"}}}}, "d6": {"Bxc6": {"_": {"eco": "C65", "name": "Ruy Lopez"}}, "c4": {"_": {"eco": "C65", "name": "Ruy Lopez"}}}, "Bc5": {"Be3": {"_": {"eco": "C65", "name": "Ruy Lopez"}}}}, "O-O": {"_": {"eco": "C65", "name": "Ruy Lopez"}, "Bc5": {"_": {"eco": "C65", "name": "Ruy Lopez"}}, "d6": {"_": {"eco": "C66", "name": "Ruy Lopez"}, "d4": {"Bd7": {"Nc3": {"Be7": {"_": {"eco": "C66", "name": "Ruy Lopez"}}}}, "Nd7": {"_": {"eco": "C66", "name": "Ruy Lopez"}}}}, "Nxe4": {"_": {"eco": "C67", "name": "Ruy Lopez"}, "d4": {"Nd6": {"dxe5": {"_": {"eco": "C67", "name": "Ruy Lopez"}}}, "Be7": {"_": {"eco": "C67", "name": "Ruy Lopez"}}, "a6": {"_": {"eco": "C67", "name": "Ruy Lopez"}}}}}}, "a6": {"Bxc6": {"_": {"eco": "C68", "name": "Ruy Lopez"}, "dxc6": {"d4": {"exd4": {"Qxd4": {"Qxd4": {"Nxd4": {"Bd7": {"_": {"eco": "C68", "name": "Ruy Lopez"}}}}}}}, "Nc3": {"_": {"eco": "C68", "name": "Ruy Lopez"}, "f6": {"d3": {"_": {"eco": "C68", "name": "Ruy Lopez"}}}}, "O-O": {"_": {"eco": "C69", "name": "Ruy Lopez"}, "Bg4": {"h3": {"h5": {"_": {"eco": "C69", "name": "Ruy Lopez"}}}}, "f6": {"_": {"eco": "C69", "name": "Ruy Lopez"}}, "Qd6": {"_": {"eco": "C69", "name": "Ruy Lopez"}}}}}, "Ba4": {"_": {"eco": "C70", "name": "Ruy Lopez"}, "g6": {"_": {"eco": "C70", "name": "Ruy Lopez"}}, "Nge7": {"_": {"eco": "C70", "name": "Ruy Lopez"}}, "Nd4": {"_": {"eco": "C70", "name": "Ruy Lopez"}}, "Bb4": {"_": {"eco": "C70", "name": "Ruy Lopez"}}, "Bc5": {"_": {"eco": "C70", "name": "Ruy Lopez"}}, "b5": {"_": {"eco": "C70", "name": "Ruy Lopez"}, "Bb3": {"Bc5": {"_": {"eco": "C70", "name": "Ruy Lopez"}}, "Na5": {"_": {"eco": "C70", "name": "Ruy Lopez"}}}}, "f5": {"_": {"eco": "C70", "name": "Ruy Lopez"}}, "d6": {"_": {"eco": "C71", "name": "Ruy Lopez"}, "d4": {"b5": {"Bb3": {"Nxd4": {"Nxd4": {"exd4": {"Qxd4": {"c5": {"_": {"eco": "C71", "name": "Ruy Lopez"}}}}}}}}}, "Nc3": {"_": {"eco": "C71", "name": "Ruy Lopez"}}, "c4": {"_": {"eco": "C71", "name": "Ruy Lopez"}}, "O-O": {"_": {"eco": "C72", "name": "Ruy Lopez"}}, "Bxc6": {"bxc6": {"d4": {"_": {"eco": "C73", "name": "Ruy Lopez"}}}}, "c3": {"_": {"eco": "C74", "name": "Ruy Lopez"}, "f5": {"_": {"eco": "C74", "name": "Ruy Lopez"}}, "Bd7": {"_": {"eco": "C75", "name": "Ruy Lopez"}, "d4": {"g6": {"_": {"eco": "C76", "name": "Ruy Lopez"}}}}}}, "Nf6": {"_": {"eco": "C77", "name": "Ruy Lopez"}, "Nc3": {"_": {"eco": "C77", "name": "Ruy Lopez"}}, "Bxc6": {"_": {"eco": "C77", "name": "Ruy Lopez"}}, "Qe2": {"_": {"eco": "C77", "name": "Ruy Lopez"}, "b5": {"Bb3": {"Be7": {"d4": {"d6": {"c3": {"Bg4": {"_": {"eco": "C77", "name": "Ruy Lopez"}}}}}}}}}, "d3": {"_": {"eco": "C77", "name": "Ruy Lopez"}, "d6": {"c4": {"_": {"eco": "C77", "name": "Ruy Lopez"}}}}, "O-O": {"_": {"eco": "C78", "name": "Ruy Lopez"}, "b5": {"Bb3": {"Be7": {"a4": {"_": {"eco": "C78", "name": "Ruy Lopez"}}}}}, "Bc5": {"_": {"eco": "C78", "name": "Ruy Lopez"}}, "d6": {"_": {"eco": "C79", "name": "Ruy Lopez"}}, "Nxe4": {"_": {"eco": "C80", "name": "Ruy Lopez"}, "d4": {"b5": {"Bb3": {"d5": {"dxe5": {"Be6": {"Qe2": {"_": {"eco": "C81", "name": "Ruy Lopez"}}, "c3": {"_": {"eco": "C82", "name": "Ruy Lopez"}, "Be7": {"_": {"eco": "C83", "name": "Ruy Lopez"}}}}}}}}}}, "Be7": {"_": {"eco": "C84", "name": "Ruy Lopez"}, "Bxc6": {"_": {"eco": "C85", "name": "Ruy Lopez"}}, "Qe2": {"_": {"eco": "C86", "name": "Ruy Lopez"}}, "Re1": {"d6": {"_": {"eco": "C87", "name": "Ruy Lopez"}}, "b5": {"Bb3": {"_": {"eco": "C88", "name": "Ruy Lopez"}, "O-O": {"c3": {"d5": {"_": {"eco": "C89", "name": "Ruy Lopez"}}, "d6": {"_": {"eco": "C90", "name": "Ruy Lopez"}, "d4": {"_": {"eco": "C91", "name": "Ruy Lopez"}}, "h3": {"_": {"eco": "C92", "name": "Ruy Lopez"}, "h6": {"_": {"eco": "C93", "name": "Ruy Lopez"}}, "Nb8": {"_": {"eco": "C94", "name": "Ruy Lopez"}, "d4": {"_": {"eco": "C95", "name": "Ruy Lopez"}}}, "Na5": {"Bc2": {"_": {"eco": "C96", "name": "Ruy Lopez"}, "c5": {"d4": {"Qc7": {"_": {"eco": "C97", "name": "Ruy Lopez"}, "Nbd2": {"Nc6": {"_": {"eco": "C98", "name": "Ruy Lopez"}}, "cxd4": {"cxd4": {"_": {"eco": "C99", "name": "Ruy Lopez"}}}}}}}}}}}}}}}}}}}}}}}}}}}